roaster,coffee,drank,rating,decaf,notes
Equator Coffees,Decaf El Vergel Pink Bourbon,2026,loved,yes,
Immigrant Culture,Ole,2026,ok,,
Ceremony,Spring Blend,2026,loved,,
Proud Mary,Fluffy Pillows,2026,nope,yes,
Ceremony,Climate Project,2026,loved,,
Gravel & Grind,Geisha Chocosombra,2026,loved,,
Dublin Roasters,Decaf Honduran,2026,nope,yes,
Ghost,Shaitani,2026,nope,,
Ceremony,Thesis,2026,ok,,
Ghost,La Jarjacha,2026,nope,,
Ilse,Decaf Monkaaba,2026,ok,yes,
Ceremony,Summer Blend,2026,loved,,
Hex Coffee,El Nevado Decaf,2026,ok,yes,
Commonplace Coffee,Finca El Sendero,2026,loved,,
Luminous,Mason Bday Gesha Trio,2026,ok,,
Ceremony,Ethiopia Yirgacheffe Chelbesa,2026,loved,,
Reprise Coffee Roasters,Edinson Argote,2026,ok,,
Verve Coffee,Long Play,2026,ok,yes,
Proud Mary,Warm & Fuzzy,2026,nope,,
Equator Coffees,El Injerto Gesha,2026,loved,,
Luminous,Pink Bourbon Colombia,2026,nope,,
SQ1 Coffee Roasters,Halo Beriti,2026,ok,,
Ceremony,Destroyer,2026,loved,,
