date,dow,start_time,end_time,tz,class_type,studio,instructor,class_family,class_name,duration_min,source
2023-08-31,Thu,7:15 am,8:15 am,EDT,YS - Yoga Sculpt,Tenleytown,Meredith B,YS,Yoga Sculpt,60,history_pdf
2023-09-03,Sun,10:00 am,11:00 am,EDT,YS - Yoga Sculpt,Tenleytown,Lauren W,YS,Yoga Sculpt,60,history_pdf
2023-09-06,Wed,7:15 am,8:15 am,EDT,YS - Yoga Sculpt,Tenleytown,Meredith B,YS,Yoga Sculpt,60,history_pdf
2023-09-09,Sat,9:30 am,10:30 am,EDT,YS - Yoga Sculpt,Tenleytown,Caroline B,YS,Yoga Sculpt,60,history_pdf
2023-09-13,Wed,6:30 am,7:30 am,EDT,YS - Yoga Sculpt,Tenleytown,Gabrielle H,YS,Yoga Sculpt,60,history_pdf
2023-09-16,Sat,9:30 am,10:30 am,EDT,YS - Yoga Sculpt,Tenleytown,Caroline B,YS,Yoga Sculpt,60,history_pdf
2023-09-19,Tue,7:30 pm,8:30 pm,EDT,C1.5 - CorePower Yoga 1,Tenleytown,Flavia B,C1.5,CorePower Yoga 1.5,60,history_pdf
2023-09-21,Thu,6:30 am,7:15 am,EDT,YS - Yoga Sculpt: 45 Minutes,Tenleytown,Ruvimbo L,YS,Yoga Sculpt,45,history_pdf
2023-09-28,Thu,6:30 am,7:15 am,EDT,YS - Yoga Sculpt: 45 Minutes,Tenleytown,Ruvimbo L,YS,Yoga Sculpt,45,history_pdf
2023-10-01,Sun,10:00 am,11:00 am,EDT,YS - Yoga Sculpt,Tenleytown,Lauren W,YS,Yoga Sculpt,60,history_pdf
2023-10-03,Tue,6:30 am,7:15 am,EDT,YS - Yoga Sculpt: 45 Minutes,Tenleytown,Ruvimbo L,YS,Yoga Sculpt,45,history_pdf
2023-10-05,Thu,6:30 am,7:15 am,EDT,YS - Yoga Sculpt: 45 Minutes,Tenleytown,Ruvimbo L,YS,Yoga Sculpt,45,history_pdf
2023-10-10,Tue,6:30 am,7:15 am,EDT,YS - Yoga Sculpt: 45 Minutes,Tenleytown,Ruvimbo L,YS,Yoga Sculpt,45,history_pdf
2023-10-12,Thu,6:30 am,7:15 am,EDT,YS - Yoga Sculpt: 45 Minutes,Tenleytown,Ruvimbo L,YS,Yoga Sculpt,45,history_pdf
2023-10-15,Sun,10:00 am,11:00 am,EDT,YS - Yoga Sculpt,Tenleytown,Kaitlyn D,YS,Yoga Sculpt,60,history_pdf
2023-10-17,Tue,4:15 pm,5:15 pm,EDT,YS - Yoga Sculpt,Tenleytown,Jennifer S,YS,Yoga Sculpt,60,history_pdf
2023-10-19,Thu,6:30 am,7:15 am,EDT,YS - Yoga Sculpt: 45 Minutes,Tenleytown,Ruvimbo L,YS,Yoga Sculpt,45,history_pdf
2023-10-22,Sun,10:00 am,11:00 am,EDT,YS - Yoga Sculpt,Tenleytown,Veronica W,YS,Yoga Sculpt,60,history_pdf
2023-10-26,Thu,6:30 am,7:15 am,EDT,YS - Yoga Sculpt: 45 Minutes,Tenleytown,Ruvimbo L,YS,Yoga Sculpt,45,history_pdf
2023-10-28,Sat,12:15 pm,1:00 pm,EDT,YS - Yoga Sculpt: 45 min,Tenleytown,Veronica W,YS,Yoga Sculpt,45,history_pdf
2023-10-31,Tue,6:30 am,7:15 am,EDT,YS - Yoga Sculpt: 45 Minutes,Tenleytown,Ruvimbo L,YS,Yoga Sculpt,45,history_pdf
2023-11-02,Thu,6:30 am,7:15 am,EDT,YS - Yoga Sculpt: 45 Minutes,Tenleytown,Ruvimbo L,YS,Yoga Sculpt,45,history_pdf
2023-11-04,Sat,8:00 am,9:00 am,EDT,FREE HPF - Hot Power Fusion,Tenleytown,Ruvimbo L,HPF,Hot Power Fusion,60,history_pdf
2023-11-07,Tue,6:30 am,7:15 am,EST,YS - Yoga Sculpt: 45 Minutes,Tenleytown,Ruvimbo L,YS,Yoga Sculpt,45,history_pdf
2023-11-10,Fri,7:00 am,7:45 am,EST,YS - Yoga Sculpt: 45 Minutes,Tenleytown,Gabrielle H,YS,Yoga Sculpt,45,history_pdf
2023-11-12,Sun,10:00 am,11:00 am,EST,YS - Yoga Sculpt,Tenleytown,Veronica W,YS,Yoga Sculpt,60,history_pdf
2023-11-14,Tue,4:15 pm,5:15 pm,EST,YS - Yoga Sculpt,Tenleytown,Jennifer S,YS,Yoga Sculpt,60,history_pdf
2023-11-16,Thu,6:30 am,7:15 am,EST,YS - Yoga Sculpt: 45 Minutes,Tenleytown,Ruvimbo L,YS,Yoga Sculpt,45,history_pdf
2023-11-19,Sun,10:00 am,11:00 am,EST,YS - Yoga Sculpt,Tenleytown,Lauren W,YS,Yoga Sculpt,60,history_pdf
2023-11-22,Wed,8:00 am,9:00 am,EST,YS - Yoga Sculpt,Tenleytown,Gabrielle H,YS,Yoga Sculpt,60,history_pdf
2023-11-24,Fri,9:00 am,10:00 am,EST,YS - Yoga Sculpt,Tenleytown,Meredith B,YS,Yoga Sculpt,60,history_pdf
2023-11-26,Sun,8:30 am,9:30 am,EST,YS - Yoga Sculpt,Tenleytown,Veronica W,YS,Yoga Sculpt,60,history_pdf
2023-11-27,Mon,4:30 pm,5:30 pm,EST,C1 - CorePower Yoga 1,Tenleytown,Rachel Y,C1,CorePower Yoga 1,60,history_pdf
2023-11-28,Tue,6:30 am,7:15 am,EST,YS - Yoga Sculpt: 45 Minutes,Tenleytown,Ruvimbo L,YS,Yoga Sculpt,45,history_pdf
2023-11-30,Thu,6:30 am,7:15 am,EST,YS - Yoga Sculpt: 45 Minutes,Tenleytown,Ruvimbo L,YS,Yoga Sculpt,45,history_pdf
2023-12-02,Sat,8:00 am,9:00 am,EST,HPF - Hot Power Fusion,Tenleytown,Ruvimbo L,HPF,Hot Power Fusion,60,history_pdf
2023-12-05,Tue,6:30 am,7:15 am,EST,YS - Yoga Sculpt: 45 Minutes,Tenleytown,Ruvimbo L,YS,Yoga Sculpt,45,history_pdf
2023-12-07,Thu,6:30 am,7:15 am,EST,YS - Yoga Sculpt: 45 Minutes,Tenleytown,Ruvimbo L,YS,Yoga Sculpt,45,history_pdf
2023-12-09,Sat,9:30 am,10:30 am,EDT,CSX - CorePower Strength X (Full Body),Tenleytown,,CSX,Strength X,60,email_reconstructed
2023-12-10,Sun,9:00 am,10:00 am,EST,C2 - CorePower Yoga 2,Tenleytown,Gail D,C2,CorePower Yoga 2,60,history_pdf
2023-12-12,Tue,6:30 am,7:15 am,EST,YS - Yoga Sculpt: 45 Minutes,Tenleytown,Ruvimbo L,YS,Yoga Sculpt,45,history_pdf
2023-12-14,Thu,6:30 am,7:15 am,EDT,YS - Yoga Sculpt: 45 Minutes,Tenleytown,,YS,Yoga Sculpt,45,email_reconstructed
2023-12-16,Sat,9:15 am,10:15 am,EDT,C2 - CorePower Yoga 2,Tenleytown,,C2,CorePower Yoga 2,60,email_reconstructed
2023-12-17,Sun,9:00 am,10:00 am,EST,C2 - CorePower Yoga 2,Tenleytown,Gail D,C2,CorePower Yoga 2,60,history_pdf
2023-12-19,Tue,6:30 am,7:15 am,EST,YS - Yoga Sculpt: 45 Minutes,Tenleytown,Ruvimbo L,YS,Yoga Sculpt,45,history_pdf
2023-12-21,Thu,6:30 am,7:15 am,EST,YS - Yoga Sculpt: 45 Minutes,Tenleytown,Ruvimbo L,YS,Yoga Sculpt,45,history_pdf
2023-12-23,Sat,9:30 am,10:15 am,EST,CSX - CorePower Strength X (Full Body),Tenleytown,Caroline C,CSX,Strength X,45,history_pdf
2023-12-24,Sun,9:00 am,10:00 am,EST,C2 - CorePower Yoga 2,Tenleytown,Gail D,C2,CorePower Yoga 2,60,history_pdf
2023-12-26,Tue,6:30 am,7:15 am,EST,YS - Yoga Sculpt: 45 Minutes,Tenleytown,Ruvimbo L,YS,Yoga Sculpt,45,history_pdf
2023-12-28,Thu,6:30 am,7:15 am,EST,YS - Yoga Sculpt: 45 Minutes,Tenleytown,Ruvimbo L,YS,Yoga Sculpt,45,history_pdf
2023-12-30,Sat,8:00 am,9:00 am,EST,HPF - Hot Power Fusion,Tenleytown,Ruvimbo L,HPF,Hot Power Fusion,60,history_pdf
2023-12-31,Sun,9:00 am,10:00 am,EST,C2 - CorePower Yoga 2,Tenleytown,Gail D,C2,CorePower Yoga 2,60,history_pdf
2024-01-02,Tue,6:15 pm,7:15 pm,EST,YS - Yoga Sculpt,Tenleytown,Charlie B,YS,Yoga Sculpt,60,history_pdf
2024-01-03,Wed,6:00 pm,7:00 pm,EST,C2 - CorePower Yoga 2,Tenleytown,Victoria Z,C2,CorePower Yoga 2,60,history_pdf
2024-01-06,Sat,9:30 am,10:15 am,EST,CSX - CorePower Strength X (Full Body),Tenleytown,Caroline C,CSX,Strength X,45,history_pdf
2024-01-07,Sun,9:00 am,10:00 am,EST,C2 - CorePower Yoga 2,Tenleytown,Gail D,C2,CorePower Yoga 2,60,history_pdf
2024-01-09,Tue,6:15 pm,7:15 pm,EST,YS - Yoga Sculpt,Tenleytown,Charlie B,YS,Yoga Sculpt,60,history_pdf
2024-01-20,Sat,10:00 am,10:45 am,EST,CSX - CorePower Strength X (Full Body),Tenleytown,Patricia T,CSX,Strength X,45,history_pdf
2024-01-21,Sun,9:15 am,10:15 am,EST,C2 - CorePower Yoga 2,Tenleytown,Gail D,C2,CorePower Yoga 2,60,history_pdf
2024-01-23,Tue,6:30 am,7:15 am,EST,YS - Yoga Sculpt: 45 Minutes,Tenleytown,Gabrielle H,YS,Yoga Sculpt,45,history_pdf
2024-01-24,Wed,4:45 pm,5:45 pm,EST,C2 - CorePower Yoga 2,Tenleytown,Gail D,C2,CorePower Yoga 2,60,history_pdf
2024-01-25,Thu,4:15 pm,5:15 pm,EST,"YS - Yoga Sculpt-Yes, And?",Tenleytown,Jennifer S,YS,Yoga Sculpt,60,history_pdf
2024-01-28,Sun,9:00 am,10:00 am,EST,C2 - CorePower Yoga 2,Tenleytown,Gail D,C2,CorePower Yoga 2,60,history_pdf
2024-01-30,Tue,6:15 pm,7:15 pm,EST,YS - Yoga Sculpt,Tenleytown,Charlie B,YS,Yoga Sculpt,60,history_pdf
2024-01-31,Wed,4:45 pm,5:45 pm,EST,C2 - CorePower Yoga 2,Tenleytown,Gail D,C2,CorePower Yoga 2,60,history_pdf
2024-02-01,Thu,4:15 pm,5:15 pm,EST,YS - Yoga Sculpt,Tenleytown,Jennifer S,YS,Yoga Sculpt,60,history_pdf
2024-02-03,Sat,9:15 am,10:15 am,EST,C2 - CorePower Yoga 2,Tenleytown,Jamie S,C2,CorePower Yoga 2,60,history_pdf
2024-02-04,Sun,9:00 am,10:00 am,EST,C2 - CorePower Yoga 2,Tenleytown,Gail D,C2,CorePower Yoga 2,60,history_pdf
2024-02-06,Tue,6:15 pm,7:15 pm,EST,YS - Yoga Sculpt,Tenleytown,Andrew Sul,YS,Yoga Sculpt,60,history_pdf
2024-02-07,Wed,4:45 pm,5:45 pm,EST,C2 - CorePower Yoga 2,Tenleytown,Gail D,C2,CorePower Yoga 2,60,history_pdf
2024-02-08,Thu,4:15 pm,5:15 pm,EST,YS - Yoga Sculpt,Tenleytown,Jennifer S,YS,Yoga Sculpt,60,history_pdf
2024-02-10,Sat,2:00 pm,3:00 pm,EST,YS - Yoga Sculpt,Tenleytown,Isabella S,YS,Yoga Sculpt,60,history_pdf
2024-02-11,Sun,9:00 am,10:00 am,EST,C2 - CorePower Yoga 2,Tenleytown,Gail D,C2,CorePower Yoga 2,60,history_pdf
2024-02-13,Tue,6:15 pm,7:15 pm,EST,YS - Yoga Sculpt,Tenleytown,Charlie B,YS,Yoga Sculpt,60,history_pdf
2024-02-14,Wed,4:45 pm,5:45 pm,EST,C2 - CorePower Yoga 2,Tenleytown,Gail D,C2,CorePower Yoga 2,60,history_pdf
2024-02-15,Thu,4:15 pm,5:15 pm,EST,YS - Yoga Sculpt,Tenleytown,Jennifer S,YS,Yoga Sculpt,60,history_pdf
2024-02-18,Sun,9:00 am,10:00 am,EST,C2 - CorePower Yoga 2,Tenleytown,Gail D,C2,CorePower Yoga 2,60,history_pdf
2024-02-20,Tue,6:15 pm,7:15 pm,EST,YS - Yoga Sculpt,Tenleytown,Charlie B,YS,Yoga Sculpt,60,history_pdf
2024-02-21,Wed,4:45 pm,5:45 pm,EST,C2 - CorePower Yoga 2,Tenleytown,Gail D,C2,CorePower Yoga 2,60,history_pdf
2024-02-22,Thu,4:15 pm,5:15 pm,EST,YS - Yoga Sculpt,Tenleytown,Jennifer S,YS,Yoga Sculpt,60,history_pdf
2024-02-24,Sat,9:15 am,10:15 am,EST,C2 - CorePower Yoga 2,Tenleytown,Jamie S,C2,CorePower Yoga 2,60,history_pdf
2024-02-25,Sun,10:00 am,11:00 am,EST,YS - Yoga Sculpt,Tenleytown,Veronica W,YS,Yoga Sculpt,60,history_pdf
2024-02-27,Tue,6:15 pm,7:15 pm,EST,YS - Yoga Sculpt,Tenleytown,Charlie B,YS,Yoga Sculpt,60,history_pdf
2024-02-28,Wed,4:45 pm,5:45 pm,EST,C2 - CorePower Yoga 2,Tenleytown,Gail D,C2,CorePower Yoga 2,60,history_pdf
2024-02-29,Thu,4:15 pm,5:15 pm,EST,YS - Yoga Sculpt-LEAP!,Tenleytown,Jennifer S,YS,Yoga Sculpt,60,history_pdf
2024-03-02,Sat,9:30 am,10:30 am,EST,YS - Yoga Sculpt: FREE,Tenleytown,Lindsay M,YS,Yoga Sculpt,60,history_pdf
2024-03-05,Tue,6:15 pm,7:15 pm,EST,YS - Yoga Sculpt,Tenleytown,Charlie B,YS,Yoga Sculpt,60,history_pdf
2024-03-06,Wed,4:45 pm,5:45 pm,EST,C2 - CorePower Yoga 2,Tenleytown,Gail D,C2,CorePower Yoga 2,60,history_pdf
2024-03-09,Sat,9:30 am,10:30 am,EST,YS - Yoga Sculpt:,Tenleytown,Lindsay M,YS,Yoga Sculpt,60,history_pdf
2024-03-10,Sun,9:00 am,10:00 am,EDT,C2 - CorePower Yoga 2,Tenleytown,Gail D,C2,CorePower Yoga 2,60,history_pdf
2024-03-12,Tue,6:15 pm,7:15 pm,EDT,YS - Yoga Sculpt,Tenleytown,Charlie B,YS,Yoga Sculpt,60,history_pdf
2024-03-13,Wed,4:45 pm,5:45 pm,EDT,C2 - CorePower Yoga 2: FREE,Tenleytown,Gail D,C2,CorePower Yoga 2,60,history_pdf
2024-03-14,Thu,4:15 pm,5:15 pm,EDT,YS - Yoga Sculpt,Tenleytown,Lindsay M,YS,Yoga Sculpt,60,history_pdf
2024-03-16,Sat,9:30 am,10:30 am,EDT,YS - Yoga Sculpt:,Tenleytown,Jennifer S,YS,Yoga Sculpt,60,history_pdf
2024-03-17,Sun,9:00 am,10:00 am,EDT,C2 - CorePower Yoga 2,Tenleytown,Gail D,C2,CorePower Yoga 2,60,history_pdf
2024-03-19,Tue,6:15 pm,7:15 pm,EDT,YS - Yoga Sculpt,Tenleytown,Charlie B,YS,Yoga Sculpt,60,history_pdf
2024-03-20,Wed,4:45 pm,5:45 pm,EDT,C2 - CorePower Yoga 2,Tenleytown,Gail D,C2,CorePower Yoga 2,60,history_pdf
2024-03-21,Thu,4:45 pm,5:45 pm,EDT,C2 - CorePower Yoga 2,Tenleytown,Casey H,C2,CorePower Yoga 2,60,history_pdf
2024-03-26,Tue,6:15 pm,7:15 pm,EDT,YS - Yoga Sculpt,Tenleytown,Charlie B,YS,Yoga Sculpt,60,history_pdf
2024-03-27,Wed,4:45 pm,5:45 pm,EDT,C2 - CorePower Yoga 2,Tenleytown,Gail D,C2,CorePower Yoga 2,60,history_pdf
2024-03-28,Thu,4:15 pm,5:15 pm,EDT,YS - Yoga Sculpt,Tenleytown,Jennifer S,YS,Yoga Sculpt,60,history_pdf
2024-03-30,Sat,9:30 am,10:30 am,EDT,YS - Yoga Sculpt:,Tenleytown,Veronica W,YS,Yoga Sculpt,60,history_pdf
2024-03-31,Sun,9:00 am,10:00 am,EDT,C2 - CorePower Yoga 2,Tenleytown,Meghan H,C2,CorePower Yoga 2,60,history_pdf
2024-04-03,Wed,4:45 pm,5:45 pm,EDT,C2 - CorePower Yoga 2,Tenleytown,Gail D,C2,CorePower Yoga 2,60,history_pdf
2024-04-04,Thu,4:15 pm,5:15 pm,EDT,YS - Yoga Sculpt,Tenleytown,Jennifer S,YS,Yoga Sculpt,60,history_pdf
2024-04-06,Sat,9:30 am,10:30 am,EDT,YS - Yoga Sculpt:,Tenleytown,Lindsay M,YS,Yoga Sculpt,60,history_pdf
2024-04-07,Sun,9:00 am,10:00 am,EDT,C2 - CorePower Yoga 2,Tenleytown,Gail D,C2,CorePower Yoga 2,60,history_pdf
2024-04-09,Tue,6:15 pm,7:15 pm,EDT,YS - Yoga Sculpt,Tenleytown,Charlie B,YS,Yoga Sculpt,60,history_pdf
2024-04-10,Wed,4:45 pm,5:45 pm,EDT,C2 - CorePower Yoga 2,Tenleytown,Gail D,C2,CorePower Yoga 2,60,history_pdf
2024-04-11,Thu,7:00 am,7:45 am,EDT,YS - Yoga Sculpt: 45 Minutes,Tenleytown,Sidney M,YS,Yoga Sculpt,45,history_pdf
2024-04-18,Thu,7:00 am,7:45 am,EDT,YS - Yoga Sculpt: 45 Minutes,Tenleytown,Sidney M,YS,Yoga Sculpt,45,history_pdf
2024-04-20,Sat,9:30 am,10:30 am,EDT,YS - Yoga Sculpt:,Tenleytown,Lindsay M,YS,Yoga Sculpt,60,history_pdf
2024-04-21,Sun,9:00 am,10:00 am,EDT,C2 - CorePower Yoga 2,Tenleytown,Gail D,C2,CorePower Yoga 2,60,history_pdf
2024-04-23,Tue,6:15 pm,7:15 pm,EDT,YS - Yoga Sculpt,Tenleytown,Lindsay D,YS,Yoga Sculpt,60,history_pdf
2024-04-24,Wed,5:00 pm,5:45 pm,EDT,CSX - CorePower Strength X (Full Body),Tenleytown,Gail D,CSX,Strength X,45,history_pdf
2024-04-25,Thu,7:00 am,7:45 am,EDT,YS - Yoga Sculpt: 45 Minutes,Tenleytown,Sidney M,YS,Yoga Sculpt,45,history_pdf
2024-04-27,Sat,9:30 am,10:30 am,EDT,YS - Yoga Sculpt:,Tenleytown,Lindsay M,YS,Yoga Sculpt,60,history_pdf
2024-04-30,Tue,6:15 pm,7:15 pm,EDT,YS - Yoga Sculpt,Tenleytown,Lindsay D,YS,Yoga Sculpt,60,history_pdf
2024-05-01,Wed,5:00 pm,5:45 pm,EDT,CSX - CorePower Strength X (Full Body),Tenleytown,Gail D,CSX,Strength X,45,history_pdf
2024-05-02,Thu,7:00 am,7:45 am,EDT,YS - Yoga Sculpt: 45 Minutes,Tenleytown,Sidney M,YS,Yoga Sculpt,45,history_pdf
2024-05-11,Sat,9:30 am,10:30 am,EDT,YS - Yoga Sculpt:,Tenleytown,Jennifer S,YS,Yoga Sculpt,60,history_pdf
2024-05-14,Tue,6:15 pm,7:15 pm,EDT,C2 - CorePower Yoga 2,Tenleytown,Olivia Y,C2,CorePower Yoga 2,60,history_pdf
2024-05-15,Wed,5:00 pm,5:45 pm,EDT,CSX - CorePower Strength X (Full Body),Tenleytown,Gail D,CSX,Strength X,45,history_pdf
2024-05-16,Thu,7:00 am,7:45 am,EDT,YS - Yoga Sculpt: 45 Minutes,Tenleytown,Sidney M,YS,Yoga Sculpt,45,history_pdf
2024-05-21,Tue,6:00 pm,7:00 pm,EDT,YS - Yoga Sculpt: FREE,Tenleytown,Natalie P,YS,Yoga Sculpt,60,history_pdf
2024-05-22,Wed,5:00 pm,5:45 pm,EDT,CSX - CorePower Strength X (Full Body),Tenleytown,Gail D,CSX,Strength X,45,history_pdf
2024-05-23,Thu,7:00 am,7:45 am,EDT,YS - Yoga Sculpt: 45 Minutes,Tenleytown,Meredith B,YS,Yoga Sculpt,45,history_pdf
2024-05-25,Sat,9:30 am,10:30 am,EDT,YS - Yoga Sculpt:,Tenleytown,Lindsay M,YS,Yoga Sculpt,60,history_pdf
2024-05-26,Sun,9:00 am,10:00 am,EDT,C2 - CorePower Yoga 2,Tenleytown,Gail D,C2,CorePower Yoga 2,60,history_pdf
2024-05-28,Tue,6:15 pm,7:15 pm,EDT,YS - Yoga Sculpt,Tenleytown,Sidney M,YS,Yoga Sculpt,60,history_pdf
2024-05-29,Wed,5:00 pm,5:45 pm,EDT,CSX - CorePower Strength X (Full Body),Tenleytown,Gail D,CSX,Strength X,45,history_pdf
2024-05-30,Thu,7:00 am,7:45 am,EDT,YS - Yoga Sculpt: 45 Minutes,Tenleytown,Sidney M,YS,Yoga Sculpt,45,history_pdf
2024-06-01,Sat,9:30 am,10:30 am,EDT,YS - Yoga Sculpt:,Tenleytown,Lindsay M,YS,Yoga Sculpt,60,history_pdf
2024-06-02,Sun,9:00 am,10:00 am,EDT,C2 - CorePower Yoga 2,Tenleytown,Gail D,C2,CorePower Yoga 2,60,history_pdf
2024-06-04,Tue,6:15 pm,7:15 pm,EDT,C2 - CorePower Yoga 2,Tenleytown,Meghan H,C2,CorePower Yoga 2,60,history_pdf
2024-06-05,Wed,5:00 pm,5:45 pm,EDT,CSX - CorePower Strength X (Full Body),Tenleytown,Gail D,CSX,Strength X,45,history_pdf
2024-06-06,Thu,7:00 am,7:45 am,EDT,YS - Yoga Sculpt: 45 Minutes,Tenleytown,Sidney M,YS,Yoga Sculpt,45,history_pdf
2024-06-09,Sun,9:00 am,10:00 am,EDT,C2 - CorePower Yoga 2,Tenleytown,Gail D,C2,CorePower Yoga 2,60,history_pdf
2024-06-11,Tue,6:00 am,6:45 am,EDT,YS - Yoga Sculpt: 45 Minutes,Tenleytown,Gabrielle H,YS,Yoga Sculpt,45,history_pdf
2024-06-12,Wed,5:00 pm,5:45 pm,EDT,CSX - CorePower Strength X (Full Body),Tenleytown,Gail D,CSX,Strength X,45,history_pdf
2024-06-13,Thu,7:00 am,7:45 am,EDT,YS - Yoga Sculpt: 45 Minutes,Tenleytown,Sidney M,YS,Yoga Sculpt,45,history_pdf
2024-06-15,Sat,9:30 am,10:30 am,EDT,YS - Yoga Sculpt:,Tenleytown,Lindsay M,YS,Yoga Sculpt,60,history_pdf
2024-06-18,Tue,4:15 pm,5:15 pm,EDT,YS - Yoga Sculpt,Tenleytown,Jennifer S,YS,Yoga Sculpt,60,history_pdf
2024-06-19,Wed,5:00 pm,5:45 pm,EDT,CSX - CorePower Strength X (Full Body),Tenleytown,Victoria T,CSX,Strength X,45,history_pdf
2024-06-20,Thu,7:00 am,7:45 am,EDT,YS - Yoga Sculpt: 45 Minutes,Tenleytown,Sidney M,YS,Yoga Sculpt,45,history_pdf
2024-07-18,Thu,7:00 am,7:45 am,EDT,YS - Yoga Sculpt: 45 Minutes,Tenleytown,Sidney M,YS,Yoga Sculpt,45,history_pdf
2024-07-20,Sat,9:30 am,10:30 am,EDT,YS - Yoga Sculpt:,Tenleytown,Lexie R,YS,Yoga Sculpt,60,history_pdf
2024-07-21,Sun,10:30 am,11:30 am,EDT,C2 - CorePower Yoga 2,Tenleytown,Meghan H,C2,CorePower Yoga 2,60,history_pdf
2024-07-23,Tue,6:15 pm,7:15 pm,EDT,C2 - CorePower Yoga 2,Tenleytown,Olivia Y,C2,CorePower Yoga 2,60,history_pdf
2024-07-24,Wed,6:15 am,7:15 am,EDT,YS - Yoga Sculpt,Tenleytown,Gabrielle H,YS,Yoga Sculpt,60,history_pdf
2024-07-25,Thu,7:00 am,7:45 am,EDT,YS - Yoga Sculpt: 45 Minutes,Tenleytown,Sidney M,YS,Yoga Sculpt,45,history_pdf
2024-07-27,Sat,9:30 am,10:30 am,EDT,YS - Yoga Sculpt:,Tenleytown,Meredith B,YS,Yoga Sculpt,60,history_pdf
2024-07-28,Sun,12:15 pm,1:00 pm,EDT,CSX - CorePower Strength X (Full Body),Tenleytown,Victoria T,CSX,Strength X,45,history_pdf
2024-08-01,Thu,7:00 am,7:45 am,EDT,YS - Yoga Sculpt: 45 Minutes,Tenleytown,Sidney M,YS,Yoga Sculpt,45,history_pdf
2024-08-03,Sat,9:15 am,10:15 am,EDT,C2 - CorePower Yoga 2,Tenleytown,Jamie S,C2,CorePower Yoga 2,60,history_pdf
2024-08-04,Sun,12:15 pm,1:00 pm,EDT,CSX - CorePower Strength X (Full Body),Tenleytown,Victoria T,CSX,Strength X,45,history_pdf
2024-08-06,Tue,6:15 pm,7:15 pm,EDT,C2 - CorePower Yoga 2,Tenleytown,Olivia Y,C2,CorePower Yoga 2,60,history_pdf
2024-08-08,Thu,4:45 pm,5:45 pm,EDT,C2 - CorePower Yoga 2,Tenleytown,Casey H,C2,CorePower Yoga 2,60,history_pdf
2024-08-10,Sat,9:30 am,10:30 am,EDT,YS - Yoga Sculpt:,Tenleytown,Meredith B,YS,Yoga Sculpt,60,history_pdf
2024-08-11,Sun,12:15 pm,1:00 pm,EDT,CSX - CorePower Strength X (Full Body),Tenleytown,Victoria T,CSX,Strength X,45,history_pdf
2024-08-13,Tue,7:30 am,8:30 am,EDT,YS - Yoga Sculpt,Tenleytown,Meredith B,YS,Yoga Sculpt,60,history_pdf
2024-08-14,Wed,7:30 am,8:30 am,EDT,YS - Yoga Sculpt,Tenleytown,Sidney M,YS,Yoga Sculpt,60,history_pdf
2024-08-17,Sat,9:30 am,10:30 am,EDT,YS - Yoga Sculpt:,Tenleytown,Lindsay M,YS,Yoga Sculpt,60,history_pdf
2024-08-27,Tue,6:15 am,7:15 am,EDT,YS - Yoga Sculpt,Tenleytown,Gabrielle H,YS,Yoga Sculpt,60,history_pdf
2024-08-28,Wed,12:15 pm,1:15 pm,EDT,C2 - CorePower Yoga 2,Tenleytown,Victoria T,C2,CorePower Yoga 2,60,history_pdf
2024-08-29,Thu,7:00 am,7:45 am,EDT,YS - Yoga Sculpt: 45 Minutes,Tenleytown,Veronica W,YS,Yoga Sculpt,45,history_pdf
2024-08-31,Sat,9:30 am,10:30 am,EDT,YS - Yoga Sculpt:,Tenleytown,Sofia P,YS,Yoga Sculpt,60,history_pdf
2024-09-01,Sun,12:15 pm,1:00 pm,EDT,CSX - CorePower Strength X (Full Body),Tenleytown,Victoria T,CSX,Strength X,45,history_pdf
2024-09-03,Tue,6:15 am,7:15 am,EDT,YS - Yoga Sculpt,Tenleytown,Gabrielle H,YS,Yoga Sculpt,60,history_pdf
2024-09-04,Wed,7:15 pm,8:15 pm,EDT,C2 - CorePower Yoga 2,Tenleytown,Casey H,C2,CorePower Yoga 2,60,history_pdf
2024-09-05,Thu,7:00 am,7:45 am,EDT,YS - Yoga Sculpt: 45 Minutes,Tenleytown,Sidney M,YS,Yoga Sculpt,45,history_pdf
2024-09-08,Sun,10:00 am,11:00 am,EDT,YS - Yoga Sculpt,Tenleytown,Sofia P,YS,Yoga Sculpt,60,history_pdf
2024-09-11,Wed,7:30 am,8:30 am,EDT,YS - Yoga Sculpt,Tenleytown,Sidney M,YS,Yoga Sculpt,60,history_pdf
2024-09-12,Thu,7:00 am,7:45 am,EDT,YS - Yoga Sculpt: 45 Minutes,Tenleytown,Sidney M,YS,Yoga Sculpt,45,history_pdf
2024-09-14,Sat,9:30 am,10:30 am,EDT,YS - Yoga Sculpt:,Tenleytown,Sofia V,YS,Yoga Sculpt,60,history_pdf
2024-09-16,Mon,7:00 am,8:00 am,EDT,YS - Yoga Sculpt,Tenleytown,Meredith B,YS,Yoga Sculpt,60,history_pdf
2024-09-18,Wed,7:30 am,8:30 am,EDT,YS - Yoga Sculpt,Tenleytown,Sidney M,YS,Yoga Sculpt,60,history_pdf
2024-09-19,Thu,7:00 am,7:45 am,EDT,YS - Yoga Sculpt: 45 Minutes,Tenleytown,Sidney M,YS,Yoga Sculpt,45,history_pdf
2024-09-21,Sat,9:30 am,10:30 am,EDT,YS - Yoga Sculpt:,Tenleytown,Sofia V,YS,Yoga Sculpt,60,history_pdf
2024-09-22,Sun,12:15 pm,1:00 pm,EDT,CSX - CorePower Strength X (Full Body),Tenleytown,Victoria T,CSX,Strength X,45,history_pdf
2024-09-25,Wed,7:30 am,8:30 am,EDT,YS - Yoga Sculpt,Tenleytown,Sidney M,YS,Yoga Sculpt,60,history_pdf
2024-09-26,Thu,7:00 am,7:45 am,EDT,YS - Yoga Sculpt: 45 Minutes,Tenleytown,Sidney M,YS,Yoga Sculpt,45,history_pdf
2024-09-28,Sat,9:30 am,10:30 am,EDT,YS - Yoga Sculpt:,Tenleytown,Lindsay M,YS,Yoga Sculpt,60,history_pdf
2024-09-30,Mon,6:15 pm,7:15 pm,EDT,YS - Yoga Sculpt,Tenleytown,Olivia Y,YS,Yoga Sculpt,60,history_pdf
2024-10-02,Wed,7:30 am,8:30 am,EDT,YS - Yoga Sculpt,Tenleytown,Sidney M,YS,Yoga Sculpt,60,history_pdf
2024-10-03,Thu,7:00 am,7:45 am,EDT,YS - Yoga Sculpt: 45 Minutes,Tenleytown,Sidney M,YS,Yoga Sculpt,45,history_pdf
2024-10-07,Mon,7:00 am,8:00 am,EDT,YS - Yoga Sculpt,Tenleytown,Veronica W,YS,Yoga Sculpt,60,history_pdf
2024-10-09,Wed,7:30 am,8:30 am,EDT,YS - Yoga Sculpt,Tenleytown,Sidney M,YS,Yoga Sculpt,60,history_pdf
2024-10-10,Thu,7:00 am,7:45 am,EDT,YS - Yoga Sculpt: 45 Minutes,Tenleytown,Sidney M,YS,Yoga Sculpt,45,history_pdf
2024-10-12,Sat,9:30 am,10:30 am,EDT,YS - Yoga Sculpt:,Tenleytown,Natalie P,YS,Yoga Sculpt,60,history_pdf
2024-10-15,Tue,7:30 pm,8:30 pm,EDT,C2 - CorePower Yoga 2,Tenleytown,Meghan H,C2,CorePower Yoga 2,60,history_pdf
2024-10-16,Wed,7:30 am,8:30 am,EDT,YS - Yoga Sculpt,Tenleytown,Sidney M,YS,Yoga Sculpt,60,history_pdf
2024-10-17,Thu,7:00 am,7:45 am,EDT,YS - Yoga Sculpt: 45 Minutes,Tenleytown,Veronica W,YS,Yoga Sculpt,45,history_pdf
2024-10-20,Sun,10:30 am,11:30 am,EDT,C2 - CorePower Yoga 2,Tenleytown,Meghan H,C2,CorePower Yoga 2,60,history_pdf
2024-10-21,Mon,7:00 am,8:00 am,EDT,YS - Yoga Sculpt,Tenleytown,Veronica W,YS,Yoga Sculpt,60,history_pdf
2024-10-23,Wed,7:30 am,8:30 am,EDT,YS - Yoga Sculpt,Tenleytown,Sidney M,YS,Yoga Sculpt,60,history_pdf
2024-10-25,Fri,7:30 am,8:30 am,EDT,YS - Yoga Sculpt,Tenleytown,Veronica W,YS,Yoga Sculpt,60,history_pdf
2024-10-26,Sat,9:30 am,10:30 am,EDT,YS - Yoga Sculpt:,Tenleytown,Andrew Sul,YS,Yoga Sculpt,60,history_pdf
2024-10-29,Tue,6:00 am,6:45 am,EDT,YS - Yoga Sculpt: 45 Min,Tenleytown,,YS,Yoga Sculpt,45,email_reconstructed
2024-10-30,Wed,7:30 am,8:30 am,EDT,YS - Yoga Sculpt,Tenleytown,Sidney M,YS,Yoga Sculpt,60,history_pdf
2024-11-02,Sat,9:30 am,10:30 am,EDT,YS - Yoga Sculpt:,Tenleytown,Jonnie J,YS,Yoga Sculpt,60,history_pdf
2024-11-04,Mon,6:15 pm,7:15 pm,EST,YS - Yoga Sculpt,Tenleytown,Jonnie J,YS,Yoga Sculpt,60,history_pdf
2024-11-06,Wed,12:00 pm,1:00 pm,EST,YS - Yoga Sculpt,Tenleytown,Veronica L,YS,Yoga Sculpt,60,history_pdf
2024-11-07,Thu,8:15 am,9:15 am,EST,YS - Yoga Sculpt,Tenleytown,Veronica W,YS,Yoga Sculpt,60,history_pdf
2024-11-09,Sat,9:30 am,10:30 am,EST,YS - Yoga Sculpt,Tenleytown,Natalie P,YS,Yoga Sculpt,60,history_pdf
2024-11-10,Sun,10:30 am,11:30 am,EST,C2 - CorePower Yoga 2,Tenleytown,Meghan H,C2,CorePower Yoga 2,60,history_pdf
2024-11-12,Tue,7:30 pm,8:30 pm,EST,C2 - CorePower Yoga 2,Tenleytown,Meghan H,C2,CorePower Yoga 2,60,history_pdf
2024-11-13,Wed,7:30 am,8:30 am,EST,YS - Yoga Sculpt,Tenleytown,Sidney M,YS,Yoga Sculpt,60,history_pdf
2024-11-15,Fri,7:30 am,8:30 am,EST,YS - Yoga Sculpt,Tenleytown,Veronica W,YS,Yoga Sculpt,60,history_pdf
2024-11-17,Sun,9:00 am,10:00 am,EST,YS - Yoga Sculpt,Tenleytown,Sofia P,YS,Yoga Sculpt,60,history_pdf
2024-11-19,Tue,6:15 pm,7:15 pm,EST,C2 - CorePower Yoga 2,Tenleytown,Olivia Y,C2,CorePower Yoga 2,60,history_pdf
2024-11-20,Wed,7:30 am,8:30 am,EST,YS - Yoga Sculpt,Tenleytown,Sidney M,YS,Yoga Sculpt,60,history_pdf
2024-11-21,Thu,12:15 pm,1:15 pm,EST,C2 - CorePower Yoga 2,Tenleytown,Victoria T,C2,CorePower Yoga 2,60,history_pdf
2024-11-23,Sat,9:30 am,10:30 am,EST,YS - Yoga Sculpt,Tenleytown,Meredith B,YS,Yoga Sculpt,60,history_pdf
2024-11-30,Sat,9:30 am,10:30 am,EST,YS - Yoga Sculpt,Tenleytown,Olivia Y,YS,Yoga Sculpt,60,history_pdf
2024-12-01,Sun,9:00 am,10:00 am,EST,YS - Yoga Sculpt,Tenleytown,Sofia P,YS,Yoga Sculpt,60,history_pdf
2024-12-03,Tue,6:15 pm,7:15 pm,EST,C2 - CorePower Yoga 2,Tenleytown,Olivia Y,C2,CorePower Yoga 2,60,history_pdf
2024-12-04,Wed,7:30 am,8:30 am,EST,YS - Yoga Sculpt,Tenleytown,Sofia P,YS,Yoga Sculpt,60,history_pdf
2024-12-07,Sat,9:30 am,10:30 am,EST,YS - Yoga Sculpt,Tenleytown,Meredith B,YS,Yoga Sculpt,60,history_pdf
2024-12-08,Sun,12:15 pm,1:00 pm,EST,CSX - CorePower Strength X (Full Body),Tenleytown,Victoria T,CSX,Strength X,45,history_pdf
2024-12-10,Tue,7:30 am,8:30 am,EST,YS - Yoga Sculpt,Tenleytown,Meredith B,YS,Yoga Sculpt,60,history_pdf
2024-12-11,Wed,7:30 am,8:30 am,EST,YS - Yoga Sculpt,Tenleytown,Sidney M,YS,Yoga Sculpt,60,history_pdf
2024-12-12,Thu,7:15 pm,8:15 pm,EST,C2 - CorePower Yoga 2,Tenleytown,Meredith B,C2,CorePower Yoga 2,60,history_pdf
2024-12-14,Sat,9:15 am,10:15 am,EST,C2 - CorePower Yoga 2,Tenleytown,Jamie S,C2,CorePower Yoga 2,60,history_pdf
2024-12-15,Sun,12:15 pm,1:00 pm,EST,CSX - CorePower Strength X (Full Body),Tenleytown,Victoria T,CSX,Strength X,45,history_pdf
2024-12-17,Tue,6:15 pm,7:15 pm,EST,C2 - CorePower Yoga 2,Tenleytown,Olivia Y,C2,CorePower Yoga 2,60,history_pdf
2024-12-18,Wed,7:30 am,8:30 am,EST,YS - Yoga Sculpt,Tenleytown,Sidney M,YS,Yoga Sculpt,60,history_pdf
2024-12-19,Thu,12:15 pm,1:15 pm,EDT,C2 - CorePower Yoga 2,Tenleytown,,C2,CorePower Yoga 2,60,email_reconstructed
2024-12-21,Sat,9:15 am,10:15 am,EST,C2 - CorePower Yoga 2,Tenleytown,Jamie S,C2,CorePower Yoga 2,60,history_pdf
2024-12-22,Sun,10:15 am,11:15 am,EST,YS - Yoga Sculpt,Tenleytown,Olivia Y,YS,Yoga Sculpt,60,history_pdf
2024-12-26,Thu,8:15 am,9:15 am,EST,YS - Yoga Sculpt,Tenleytown,Olivia Y,YS,Yoga Sculpt,60,history_pdf
2024-12-27,Fri,10:30 am,11:30 am,EST,C2 - CorePower Yoga 2,Tenleytown,Rachelle D,C2,CorePower Yoga 2,60,history_pdf
2024-12-28,Sat,9:15 am,10:15 am,EST,C2 - CorePower Yoga 2,Tenleytown,Jamie S,C2,CorePower Yoga 2,60,history_pdf
2024-12-30,Mon,9:30 am,10:30 am,EST,C2 - CorePower Yoga 2,Tenleytown,Sun Kim,C2,CorePower Yoga 2,60,history_pdf
2025-01-02,Thu,8:45 am,9:45 am,EST,YS - Yoga Sculpt,Tenleytown,Sofia P,YS,Yoga Sculpt,60,history_pdf
2025-01-04,Sat,9:15 am,10:15 am,EST,C2 - CorePower Yoga 2,Tenleytown,Jamie S,C2,CorePower Yoga 2,60,history_pdf
2025-01-05,Sun,10:30 am,11:30 am,EST,YS - Yoga Sculpt,Tenleytown,Olivia Y,YS,Yoga Sculpt,60,history_pdf
2025-01-08,Wed,12:00 pm,1:00 pm,EST,YS - Yoga Sculpt,Tenleytown,Kennedy G,YS,Yoga Sculpt,60,history_pdf
2025-01-11,Sat,9:15 am,10:15 am,EST,C2 - CorePower Yoga 2,Tenleytown,Jamie S,C2,CorePower Yoga 2,60,history_pdf
2025-01-12,Sun,10:30 am,11:30 am,EST,YS - Yoga Sculpt,Tenleytown,Olivia Y,YS,Yoga Sculpt,60,history_pdf
2025-01-14,Tue,7:15 pm,8:15 pm,EST,YS - Yoga Sculpt,Tenleytown,Sidney M,YS,Yoga Sculpt,60,history_pdf
2025-01-15,Wed,12:30 pm,1:30 pm,EST,C2 - CorePower Yoga 2,Tenleytown,Victoria T,C2,CorePower Yoga 2,60,history_pdf
2025-01-17,Fri,7:30 am,8:30 am,EST,YS - Yoga Sculpt,Tenleytown,Veronica W,YS,Yoga Sculpt,60,history_pdf
2025-01-18,Sat,9:00 am,10:00 am,EST,C2 - CorePower Yoga 2,Tenleytown,Jamie S,C2,CorePower Yoga 2,60,history_pdf
2025-01-21,Tue,7:15 pm,8:15 pm,EST,YS - Yoga Sculpt,Tenleytown,Sidney M,YS,Yoga Sculpt,60,history_pdf
2025-01-22,Wed,12:30 pm,1:30 pm,EST,C2 - CorePower Yoga 2,Tenleytown,Victoria T,C2,CorePower Yoga 2,60,history_pdf
2025-01-24,Fri,7:30 am,8:30 am,EST,YS - Yoga Sculpt,Tenleytown,Veronica W,YS,Yoga Sculpt,60,history_pdf
2025-01-27,Mon,7:15 am,8:15 am,EST,YS - Yoga Sculpt,Tenleytown,Veronica W,YS,Yoga Sculpt,60,history_pdf
2025-01-29,Wed,4:45 pm,5:45 pm,EST,C2 - CorePower Yoga 2,Tenleytown,Madison W,C2,CorePower Yoga 2,60,history_pdf
2025-01-31,Fri,7:30 am,8:30 am,EST,YS - Yoga Sculpt,Tenleytown,Veronica W,YS,Yoga Sculpt,60,history_pdf
2025-02-01,Sat,10:30 am,11:30 am,EST,C2 - CorePower Yoga 2,Tenleytown,Jamie S,C2,CorePower Yoga 2,60,history_pdf
2025-02-02,Sun,10:30 am,11:30 am,EST,YS - Yoga Sculpt,Tenleytown,Olivia Y,YS,Yoga Sculpt,60,history_pdf
2025-02-04,Tue,7:15 pm,8:15 pm,EST,YS - Yoga Sculpt,Tenleytown,Sidney M,YS,Yoga Sculpt,60,history_pdf
2025-02-05,Wed,4:45 pm,5:45 pm,EST,C2 - CorePower Yoga 2,Tenleytown,Madison W,C2,CorePower Yoga 2,60,history_pdf
2025-02-07,Fri,7:30 am,8:30 am,EST,YS - Yoga Sculpt,Tenleytown,Kennedy G,YS,Yoga Sculpt,60,history_pdf
2025-02-08,Sat,9:00 am,10:00 am,EST,C2 - CorePower Yoga 2,Tenleytown,Jamie S,C2,CorePower Yoga 2,60,history_pdf
2025-02-12,Wed,4:45 pm,5:45 pm,EST,C2 - CorePower Yoga 2,Tenleytown,Madison W,C2,CorePower Yoga 2,60,history_pdf
2025-02-14,Fri,7:30 am,8:30 am,EST,YS - Yoga Sculpt,Tenleytown,Kennedy G,YS,Yoga Sculpt,60,history_pdf
2025-02-16,Sun,9:00 am,10:00 am,EST,YS - Yoga Sculpt,Tenleytown,Sofia P,YS,Yoga Sculpt,60,history_pdf
2025-02-18,Tue,7:15 pm,8:15 pm,EST,YS - Yoga Sculpt,Tenleytown,Sidney M,YS,Yoga Sculpt,60,history_pdf
2025-02-19,Wed,4:45 pm,5:45 pm,EST,C2 - CorePower Yoga 2,Tenleytown,Madison W,C2,CorePower Yoga 2,60,history_pdf
2025-02-21,Fri,7:30 am,8:30 am,EST,YS - Yoga Sculpt,Tenleytown,Veronica W,YS,Yoga Sculpt,60,history_pdf
2025-02-22,Sat,9:00 am,10:00 am,EST,C2 - CorePower Yoga 2,Tenleytown,Jamie S,C2,CorePower Yoga 2,60,history_pdf
2025-02-25,Tue,7:15 pm,8:15 pm,EST,YS - Yoga Sculpt,Tenleytown,Sidney M,YS,Yoga Sculpt,60,history_pdf
2025-02-26,Wed,4:45 pm,5:45 pm,EST,C2 - CorePower Yoga 2,Tenleytown,Victoria T,C2,CorePower Yoga 2,60,history_pdf
2025-02-28,Fri,7:30 am,8:30 am,EST,YS - Yoga Sculpt,Tenleytown,,YS,Yoga Sculpt,60,email_reconstructed
2025-03-01,Sat,9:00 am,10:00 am,EST,C2 - CorePower Yoga 2,Tenleytown,Jamie S,C2,CorePower Yoga 2,60,history_pdf
2025-03-02,Sun,12:30 pm,1:30 pm,EST,"YS - Yoga Sculpt | Playlist ""Taylor Swift""",Tenleytown,Veronica W,YS,Yoga Sculpt,60,history_pdf
2025-03-04,Tue,7:15 pm,8:15 pm,EST,YS - Yoga Sculpt | Sidney's Teaching Anniversary!,Tenleytown,Sidney M,YS,Yoga Sculpt,60,history_pdf
2025-03-05,Wed,4:45 pm,5:45 pm,EST,C2 - CorePower Yoga 2,Tenleytown,Madison W,C2,CorePower Yoga 2,60,history_pdf
2025-03-14,Fri,7:30 am,8:30 am,EDT,YS - Yoga Sculpt,Tenleytown,Jonnie J,YS,Yoga Sculpt,60,history_pdf
2025-03-15,Sat,9:00 am,10:00 am,EDT,C2 - CorePower Yoga 2,Tenleytown,Jamie S,C2,CorePower Yoga 2,60,history_pdf
2025-03-16,Sun,9:00 am,10:00 am,EDT,YS - Yoga Sculpt,Tenleytown,Sofia P,YS,Yoga Sculpt,60,history_pdf
2025-03-19,Wed,4:45 pm,5:45 pm,EDT,C2 - CorePower Yoga 2,Tenleytown,Madison W,C2,CorePower Yoga 2,60,history_pdf
2025-03-21,Fri,7:30 am,8:30 am,EDT,YS - Yoga Sculpt,Tenleytown,Roxy Hu,YS,Yoga Sculpt,60,history_pdf
2025-03-22,Sat,9:00 am,10:00 am,EDT,C2 - CorePower Yoga 2,Tenleytown,Jamie S,C2,CorePower Yoga 2,60,history_pdf
2025-03-23,Sun,12:00 pm,1:00 pm,EDT,YS - Yoga Sculpt,Tenleytown,Veronica W,YS,Yoga Sculpt,60,history_pdf
2025-03-25,Tue,7:15 pm,8:15 pm,EDT,YS - Yoga Sculpt,Tenleytown,Sidney M,YS,Yoga Sculpt,60,history_pdf
2025-03-26,Wed,4:45 pm,5:45 pm,EDT,C2 - CorePower Yoga 2,Tenleytown,Victoria T,C2,CorePower Yoga 2,60,history_pdf
2025-03-28,Fri,7:30 am,8:30 am,EDT,YS - Yoga Sculpt,Tenleytown,Meredith B,YS,Yoga Sculpt,60,history_pdf
2025-03-29,Sat,9:00 am,10:00 am,EDT,C2 - CorePower Yoga 2,Tenleytown,Jamie S,C2,CorePower Yoga 2,60,history_pdf
2025-04-08,Tue,7:15 pm,8:15 pm,EDT,YS - Yoga Sculpt,Tenleytown,Sidney M,YS,Yoga Sculpt,60,history_pdf
2025-04-09,Wed,6:15 pm,7:15 pm,EDT,C2 - CorePower Yoga 2,Tenleytown,Meredith B,C2,CorePower Yoga 2,60,history_pdf
2025-04-11,Fri,7:15 am,8:00 am,EDT,YS - Yoga Sculpt 45 mins,Tenleytown,Veronica W,YS,Yoga Sculpt,45,history_pdf
2025-04-12,Sat,9:00 am,10:00 am,EDT,C2 - CorePower Yoga 2,Tenleytown,Jamie S,C2,CorePower Yoga 2,60,history_pdf
2025-04-13,Sun,10:30 am,11:30 am,EDT,YS - Yoga Sculpt,Tenleytown,Olivia Y,YS,Yoga Sculpt,60,history_pdf
2025-04-15,Tue,7:15 pm,8:15 pm,EDT,YS - Yoga Sculpt,Tenleytown,Sidney M,YS,Yoga Sculpt,60,history_pdf
2025-04-16,Wed,6:15 pm,7:15 pm,EDT,C2 - CorePower Yoga 2,Tenleytown,Meredith B,C2,CorePower Yoga 2,60,history_pdf
2025-04-18,Fri,7:15 am,8:00 am,EDT,YS - Yoga Sculpt 45 mins,Tenleytown,Lille G,YS,Yoga Sculpt,45,history_pdf
2025-04-21,Mon,12:30 pm,1:30 pm,EDT,YS - Yoga Sculpt,Little Italy,Laura M,YS,Yoga Sculpt,60,history_pdf
2025-04-22,Tue,11:30 am,12:30 pm,EDT,C2 - CorePower Yoga 2,Little Italy,Maureen G,C2,CorePower Yoga 2,60,history_pdf
2025-04-26,Sat,9:00 am,10:00 am,EDT,C2 - CorePower Yoga 2,Tenleytown,Jamie S,C2,CorePower Yoga 2,60,history_pdf
2025-04-27,Sun,10:30 am,11:30 am,EDT,YS - Yoga Sculpt,Tenleytown,Olivia Y,YS,Yoga Sculpt,60,history_pdf
2025-04-29,Tue,7:15 pm,8:15 pm,EDT,YS - Yoga Sculpt,Tenleytown,Sidney M,YS,Yoga Sculpt,60,history_pdf
2025-04-30,Wed,6:15 pm,7:15 pm,EDT,C2 - CorePower Yoga 2,Tenleytown,Meredith B,C2,CorePower Yoga 2,60,history_pdf
2025-05-02,Fri,7:15 am,8:00 am,EDT,YS - Yoga Sculpt 45 mins,Tenleytown,Veronica W,YS,Yoga Sculpt,45,history_pdf
2025-05-03,Sat,9:00 am,10:00 am,EDT,C2 - CorePower Yoga 2,Tenleytown,Jamie S,C2,CorePower Yoga 2,60,history_pdf
2025-05-04,Sun,10:30 am,11:30 am,EDT,YS - Yoga Sculpt,Tenleytown,Veronica W,YS,Yoga Sculpt,60,history_pdf
2025-05-06,Tue,7:15 pm,8:15 pm,EDT,YS - Yoga Sculpt,Tenleytown,Sidney M,YS,Yoga Sculpt,60,history_pdf
2025-05-07,Wed,6:15 pm,7:15 pm,EDT,C2 - CorePower Yoga 2,Tenleytown,Meredith B,C2,CorePower Yoga 2,60,history_pdf
2025-05-10,Sat,9:00 am,10:00 am,EDT,C2 - CorePower Yoga 2,Tenleytown,Jamie S,C2,CorePower Yoga 2,60,history_pdf
2025-05-12,Mon,7:15 am,8:00 am,EDT,YS - Yoga Sculpt 45 mins,Tenleytown,Veronica W,YS,Yoga Sculpt,45,history_pdf
2025-05-13,Tue,7:15 pm,8:15 pm,EDT,YS - Yoga Sculpt,Tenleytown,Sofia P,YS,Yoga Sculpt,60,history_pdf
2025-05-15,Thu,4:45 pm,5:45 pm,EDT,C2 - CorePower Yoga 2,Tenleytown,Madison W,C2,CorePower Yoga 2,60,history_pdf
2025-05-16,Fri,7:15 am,8:00 am,EDT,YS - Yoga Sculpt 45 mins,Tenleytown,Madison D,YS,Yoga Sculpt,45,history_pdf
2025-05-17,Sat,9:00 am,10:00 am,EDT,C2 - CorePower Yoga 2,Tenleytown,Jamie S,C2,CorePower Yoga 2,60,history_pdf
2025-05-18,Sun,10:30 am,11:30 am,EDT,YS - Yoga Sculpt - Olivia's Last Class in DC!,Tenleytown,Olivia Y,YS,Yoga Sculpt,60,history_pdf
2025-05-20,Tue,7:15 pm,8:15 pm,EDT,YS - Yoga Sculpt,Tenleytown,Meghan M,YS,Yoga Sculpt,60,history_pdf
2025-05-21,Wed,6:15 pm,7:15 pm,EDT,C2 - CorePower Yoga 2,Tenleytown,Meredith B,C2,CorePower Yoga 2,60,history_pdf
2025-05-23,Fri,7:15 am,8:00 am,EDT,YS - Yoga Sculpt 45 mins,Tenleytown,Veronica W,YS,Yoga Sculpt,45,history_pdf
2025-05-28,Wed,7:15 am,8:00 am,EDT,YS - Yoga Sculpt 45 mins,Tenleytown,Meredith B,YS,Yoga Sculpt,45,history_pdf
2025-05-30,Fri,7:15 am,8:00 am,EDT,YS - Yoga Sculpt 45 mins,Tenleytown,Veronica W,YS,Yoga Sculpt,45,history_pdf
2025-05-31,Sat,9:00 am,10:00 am,EDT,C2 - CorePower Yoga 2,Tenleytown,Jamie S,C2,CorePower Yoga 2,60,history_pdf
2025-06-03,Tue,4:15 pm,5:15 pm,EDT,YS - Yoga Sculpt,Tenleytown,Veronica W,YS,Yoga Sculpt,60,history_pdf
2025-06-04,Wed,6:15 pm,7:15 pm,EDT,C2 - CorePower Yoga 2,Tenleytown,Meredith B,C2,CorePower Yoga 2,60,history_pdf
2025-06-10,Tue,7:15 am,8:00 am,EDT,YS - Yoga Sculpt 45 mins,Tenleytown,Meghan M,YS,Yoga Sculpt,45,history_pdf
2025-06-11,Wed,7:15 am,8:00 am,EDT,YS - Yoga Sculpt 45 mins,Tenleytown,Meredith B,YS,Yoga Sculpt,45,history_pdf
2025-06-12,Thu,7:15 am,8:00 am,EDT,YS - Yoga Sculpt 45 mins,Tenleytown,Veronica W,YS,Yoga Sculpt,45,history_pdf
2025-06-14,Sat,9:00 am,10:00 am,EDT,C2 - CorePower Yoga 2,Tenleytown,Jamie S,C2,CorePower Yoga 2,60,history_pdf
2025-06-17,Tue,7:15 pm,8:15 pm,EDT,YS - Yoga Sculpt,Tenleytown,Sidney M,YS,Yoga Sculpt,60,history_pdf
2025-06-19,Thu,10:00 am,11:00 am,EDT,C2 - CorePower Yoga 2,Tenleytown,Avery C,C2,CorePower Yoga 2,60,history_pdf
2025-06-20,Fri,7:15 am,8:00 am,EDT,YS - Yoga Sculpt 45 mins,Tenleytown,Lille G,YS,Yoga Sculpt,45,history_pdf
2025-06-21,Sat,9:00 am,10:00 am,EDT,C2 - CorePower Yoga 2,Tenleytown,Jamie S,C2,CorePower Yoga 2,60,history_pdf
2025-06-22,Sun,9:00 am,10:00 am,EDT,YS - Yoga Sculpt,Tenleytown,Sofia P,YS,Yoga Sculpt,60,history_pdf
2025-06-24,Tue,7:15 pm,8:15 pm,EDT,YS - Yoga Sculpt,Tenleytown,Sidney M,YS,Yoga Sculpt,60,history_pdf
2025-06-25,Wed,6:15 pm,7:15 pm,EDT,C2 - CorePower Yoga 2,Tenleytown,Avery C,C2,CorePower Yoga 2,60,history_pdf
2025-07-01,Tue,7:15 pm,8:15 pm,EDT,YS - Yoga Sculpt,Tenleytown,Sidney M,YS,Yoga Sculpt,60,history_pdf
2025-07-02,Wed,7:15 am,8:00 am,EDT,YS - Yoga Sculpt 45 mins,Tenleytown,Veronica W,YS,Yoga Sculpt,45,history_pdf
2025-07-04,Fri,7:15 am,8:00 am,EDT,YS - Yoga Sculpt 45 mins,Tenleytown,Veronica W,YS,Yoga Sculpt,45,history_pdf
2025-07-06,Sun,9:00 am,10:00 am,EDT,YS - Yoga Sculpt,Tenleytown,Sofia P,YS,Yoga Sculpt,60,history_pdf
2025-07-08,Tue,7:15 pm,8:15 pm,EDT,YS - Yoga Sculpt,Tenleytown,Sidney M,YS,Yoga Sculpt,60,history_pdf
2025-07-09,Wed,6:15 pm,7:15 pm,EDT,C2 - CorePower Yoga 2,Tenleytown,Avery C,C2,CorePower Yoga 2,60,history_pdf
2025-07-10,Thu,6:15 pm,7:15 pm,EDT,C2 - CorePower Yoga 2,Tenleytown,Kelsie G,C2,CorePower Yoga 2,60,history_pdf
2025-07-11,Fri,7:15 am,8:00 am,EDT,YS - Yoga Sculpt 45 mins,Tenleytown,Veronica W,YS,Yoga Sculpt,45,history_pdf
2025-07-17,Thu,7:15 pm,8:15 pm,EDT,YS - Yoga Sculpt,Tenleytown,Sheila T,YS,Yoga Sculpt,60,history_pdf
2025-07-18,Fri,7:15 am,8:00 am,EDT,YS - Yoga Sculpt 45 mins,Tenleytown,Veronica W,YS,Yoga Sculpt,45,history_pdf
2025-07-19,Sat,9:00 am,10:00 am,EDT,C2 - CorePower Yoga 2,Tenleytown,Jamie S,C2,CorePower Yoga 2,60,history_pdf
2025-07-20,Sun,9:00 am,10:00 am,EDT,YS - Yoga Sculpt,Tenleytown,Sofia P,YS,Yoga Sculpt,60,history_pdf
2025-07-23,Wed,6:15 pm,7:15 pm,EDT,C2 - CorePower Yoga 2,Tenleytown,Meredith B,C2,CorePower Yoga 2,60,history_pdf
2025-07-25,Fri,7:15 am,8:00 am,EDT,YS - Yoga Sculpt 45 mins,Tenleytown,Veronica W,YS,Yoga Sculpt,45,history_pdf
2025-07-28,Mon,7:15 pm,8:15 pm,EDT,YS - Yoga Sculpt,Tenleytown,Sidney M,YS,Yoga Sculpt,60,history_pdf
2025-07-29,Tue,4:15 pm,5:15 pm,EDT,YS - Yoga Sculpt,Tenleytown,Ava N,YS,Yoga Sculpt,60,history_pdf
2025-07-30,Wed,6:15 pm,7:15 pm,EDT,C2 - CorePower Yoga 2,Tenleytown,Meredith B,C2,CorePower Yoga 2,60,history_pdf
2025-08-01,Fri,7:15 am,8:00 am,EDT,YS - Yoga Sculpt 45 mins,Tenleytown,Gabrielle H,YS,Yoga Sculpt,45,history_pdf
2025-08-02,Sat,9:00 am,10:00 am,EDT,C2 - CorePower Yoga 2,Tenleytown,Jamie S,C2,CorePower Yoga 2,60,history_pdf
2025-08-04,Mon,7:15 pm,8:15 pm,EDT,YS - Yoga Sculpt,Tenleytown,Sidney M,YS,Yoga Sculpt,60,history_pdf
2025-08-06,Wed,6:15 pm,7:15 pm,EDT,C2 - CorePower Yoga 2,Tenleytown,Meredith B,C2,CorePower Yoga 2,60,history_pdf
2025-08-07,Thu,7:15 am,8:00 am,EDT,YS - Yoga Sculpt 45 mins,Tenleytown,Sadie E,YS,Yoga Sculpt,45,history_pdf
2025-08-08,Fri,7:15 am,8:00 am,EDT,YS - Yoga Sculpt 45 mins,Tenleytown,Sadie E,YS,Yoga Sculpt,45,history_pdf
2025-08-15,Fri,9:00 am,10:00 am,EDT,YS - Yoga Sculpt,Tenleytown,Rachelle D,YS,Yoga Sculpt,60,history_pdf
2025-08-24,Sun,9:00 am,10:00 am,EDT,YS - Yoga Sculpt,Tenleytown,Sofia P,YS,Yoga Sculpt,60,history_pdf
2025-08-25,Mon,9:00 am,10:00 am,EDT,YS - Yoga Sculpt,Tenleytown,Rachelle D,YS,Yoga Sculpt,60,history_pdf
2025-08-27,Wed,6:15 pm,7:15 pm,EDT,C2 - CorePower Yoga 2,Tenleytown,Meredith B,C2,CorePower Yoga 2,60,history_pdf
2025-08-31,Sun,9:00 am,10:00 am,EDT,YS - Yoga Sculpt,Tenleytown,Sofia P,YS,Yoga Sculpt,60,history_pdf
2025-09-03,Wed,6:15 pm,7:15 pm,EDT,C2 - CorePower Yoga 2,Tenleytown,Meredith B,C2,CorePower Yoga 2,60,history_pdf
2025-09-05,Fri,9:00 am,10:00 am,EDT,YS - Yoga Sculpt,Tenleytown,Rachelle D,YS,Yoga Sculpt,60,history_pdf
2025-09-06,Sat,9:00 am,10:00 am,EDT,C2 - CorePower Yoga 2,Tenleytown,Jamie S,C2,CorePower Yoga 2,60,history_pdf
2025-09-07,Sun,9:00 am,10:00 am,EDT,YS - Yoga Sculpt,Tenleytown,Sofia P,YS,Yoga Sculpt,60,history_pdf
2025-09-09,Tue,12:00 pm,12:45 pm,EDT,YS - Yoga Sculpt | 45 mins,Tenleytown,Veronica L,YS,Yoga Sculpt,45,history_pdf
2025-09-10,Wed,6:15 pm,7:15 pm,EDT,C2 - CorePower Yoga 2,Tenleytown,Meredith B,C2,CorePower Yoga 2,60,history_pdf
2025-09-12,Fri,5:00 pm,6:00 pm,EDT,YS - Yoga Sculpt,Tenleytown,Alexandra C,YS,Yoga Sculpt,60,history_pdf
2025-09-13,Sat,9:00 am,10:00 am,EDT,C2 - CorePower Yoga 2,Tenleytown,Jamie S,C2,CorePower Yoga 2,60,history_pdf
2025-09-16,Tue,7:15 am,8:00 am,EDT,YS - Yoga Sculpt 45 mins,Tenleytown,Meghan M,YS,Yoga Sculpt,45,history_pdf
2025-09-17,Wed,6:15 pm,7:15 pm,EDT,C2 - CorePower Yoga 2,Tenleytown,Meredith B,C2,CorePower Yoga 2,60,history_pdf
2025-09-19,Fri,5:00 pm,6:00 pm,EDT,YS - Yoga Sculpt,Tenleytown,Alexandra C,YS,Yoga Sculpt,60,history_pdf
2025-09-21,Sun,9:30 am,10:30 am,EDT,C2 - CorePower Yoga 2 + Breathwork,Tenleytown,Megan P,C2,CorePower Yoga 2,60,history_pdf
2025-09-23,Tue,7:15 am,8:00 am,EDT,YS - Yoga Sculpt 45 mins,Tenleytown,Meghan M,YS,Yoga Sculpt,45,history_pdf
2025-09-25,Thu,6:00 am,6:45 am,EDT,YS - Yoga Sculpt 45 mins,Tenleytown,Gabrielle H,YS,Yoga Sculpt,45,history_pdf
2025-09-26,Fri,9:00 am,10:00 am,EDT,YS - Yoga Sculpt,Tenleytown,Rachelle D,YS,Yoga Sculpt,60,history_pdf
2025-09-27,Sat,9:00 am,10:00 am,EDT,C2 - CorePower Yoga 2,Tenleytown,,C2,CorePower Yoga 2,60,email_reconstructed
2025-09-30,Tue,4:15 pm,5:15 pm,EDT,YS - Yoga Sculpt,Tenleytown,Natalie P,YS,Yoga Sculpt,60,history_pdf
2025-10-08,Wed,6:15 pm,7:15 pm,EDT,C2 - CorePower Yoga 2,Tenleytown,Ashley B,C2,CorePower Yoga 2,60,history_pdf
2025-10-09,Thu,5:45 pm,6:45 pm,EDT,YS - Yoga Sculpt,Tenleytown,Veronica W,YS,Yoga Sculpt,60,history_pdf
2025-10-11,Sat,9:00 am,10:00 am,EDT,C2 - CorePower Yoga 2,Tenleytown,Jamie S,C2,CorePower Yoga 2,60,history_pdf
2025-10-12,Sun,10:30 am,11:30 am,EDT,YS - Yoga Sculpt,Tenleytown,Gabrielle H,YS,Yoga Sculpt,60,history_pdf
2025-10-16,Thu,7:15 am,8:00 am,EDT,YS - Yoga Sculpt | 45 mins,Tenleytown,Tess M,YS,Yoga Sculpt,45,history_pdf
2025-10-21,Tue,4:15 pm,5:15 pm,EDT,YS - Yoga Sculpt,Tenleytown,Natalie P,YS,Yoga Sculpt,60,history_pdf
2025-10-22,Wed,6:15 pm,7:15 pm,EDT,C2 - CorePower Yoga 2,Tenleytown,Meredith B,C2,CorePower Yoga 2,60,history_pdf
2025-10-23,Thu,6:00 am,6:45 am,EDT,YS - Yoga Sculpt | 45 mins,Tenleytown,Gabrielle H,YS,Yoga Sculpt,45,history_pdf
2025-10-25,Sat,9:00 am,10:00 am,EDT,C2 - CorePower Yoga 2,Tenleytown,Jamie S,C2,CorePower Yoga 2,60,history_pdf
2025-10-27,Mon,9:00 am,10:00 am,EDT,YS - Yoga Sculpt,Tenleytown,Rachelle D,YS,Yoga Sculpt,60,history_pdf
2025-10-29,Wed,6:15 pm,7:15 pm,EDT,C2 - CorePower Yoga 2,Tenleytown,Kelsie G,C2,CorePower Yoga 2,60,history_pdf
2025-10-30,Thu,6:00 am,6:45 am,EDT,YS - Yoga Sculpt | 45 mins,Tenleytown,Gabrielle H,YS,Yoga Sculpt,45,history_pdf
2025-10-31,Fri,7:15 am,8:00 am,EDT,YS - Yoga Sculpt | 45 mins,Tenleytown,Rachelle D,YS,Yoga Sculpt,45,history_pdf
2025-11-10,Mon,7:15 am,8:00 am,EST,YS - Yoga Sculpt 45 mins,Tenleytown,Tess M,YS,Yoga Sculpt,45,history_pdf
2025-11-12,Wed,6:15 pm,7:15 pm,EST,C2 - CorePower Yoga 2,Tenleytown,Meredith B,C2,CorePower Yoga 2,60,history_pdf
2025-11-14,Fri,7:15 am,8:00 am,EST,YS - Yoga Sculpt | 45 mins,Tenleytown,Rachelle D,YS,Yoga Sculpt,45,history_pdf
2025-11-17,Mon,7:15 am,8:00 am,EST,YS - Yoga Sculpt 45 mins,Tenleytown,Tess M,YS,Yoga Sculpt,45,history_pdf
2025-11-19,Wed,6:15 pm,7:15 pm,EST,C2 - CorePower Yoga 2,Tenleytown,Avery C,C2,CorePower Yoga 2,60,history_pdf
2025-11-22,Sat,9:00 am,10:00 am,EST,C2 - CorePower Yoga 2,Tenleytown,Jamie S,C2,CorePower Yoga 2,60,history_pdf
2025-11-23,Sun,12:00 pm,1:00 pm,EST,"YS - Yoga Sculpt | Playlist ""Broadway Hits : Wicked""",Tenleytown,Tess M,YS,Yoga Sculpt,60,history_pdf
2025-11-25,Tue,7:15 am,8:00 am,EST,YS - Yoga Sculpt 45 mins,Tenleytown,Meghan M,YS,Yoga Sculpt,45,history_pdf
2025-11-28,Fri,9:00 am,10:00 am,EST,YS + C2 : Sampling Class YS + C2: Free for Orange Friday,Tenleytown,Rachelle D,YS,Yoga Sculpt,60,history_pdf
2025-11-29,Sat,9:00 am,10:00 am,EST,C2 - CorePower Yoga 2,Tenleytown,Jamie S,C2,CorePower Yoga 2,60,history_pdf
2025-12-02,Tue,7:15 am,8:00 am,EST,YS - Yoga Sculpt 45 mins,Tenleytown,Sophie W,YS,Yoga Sculpt,45,history_pdf
2025-12-03,Wed,6:15 pm,7:15 pm,EST,C2 - CorePower Yoga 2,Tenleytown,Meredith B,C2,CorePower Yoga 2,60,history_pdf
2025-12-04,Thu,7:15 am,8:00 am,EST,YS - Yoga Sculpt | 45 mins,Tenleytown,Tess M,YS,Yoga Sculpt,45,history_pdf
2025-12-06,Sat,9:00 am,10:00 am,EST,C2 - CorePower Yoga 2,Tenleytown,Jamie S,C2,CorePower Yoga 2,60,history_pdf
2025-12-09,Tue,6:00 am,6:45 am,EST,YS - Yoga Sculpt 45 mins,Tenleytown,Sophie W,YS,Yoga Sculpt,45,history_pdf
2025-12-10,Wed,6:15 pm,7:15 pm,EST,C2 - CorePower Yoga 2 (Subtitute),Tenleytown,Victoria Z,C2,CorePower Yoga 2,60,history_pdf
2025-12-11,Thu,7:15 am,8:00 am,EST,YS - Yoga Sculpt | 45 mins,Tenleytown,Tess M,YS,Yoga Sculpt,45,history_pdf
2025-12-14,Sun,10:30 am,11:30 am,EST,YS - Yoga Sculpt,Tenleytown,Rachelle D,YS,Yoga Sculpt,60,history_pdf
2025-12-17,Wed,6:15 pm,7:15 pm,EST,C2 - CorePower Yoga 2,Tenleytown,Meredith B,C2,CorePower Yoga 2,60,history_pdf
2025-12-26,Fri,7:15 am,8:00 am,EST,YS - Yoga Sculpt | 45 mins,Tenleytown,Rachelle D,YS,Yoga Sculpt,45,history_pdf
2025-12-27,Sat,9:00 am,10:00 am,EST,C2 - CorePower Yoga 2,Tenleytown,Jamie S,C2,CorePower Yoga 2,60,history_pdf
2025-12-29,Mon,7:15 am,8:00 am,EST,YS - Yoga Sculpt 45 mins,Tenleytown,Rachelle D,YS,Yoga Sculpt,45,history_pdf
2025-12-31,Wed,7:15 am,8:00 am,EST,YS - Yoga Sculpt 45 mins,Tenleytown,Gabrielle H,YS,Yoga Sculpt,45,history_pdf
2026-01-02,Fri,7:15 am,8:00 am,EST,YS - Yoga Sculpt | 45 mins,Tenleytown,Rachelle D,YS,Yoga Sculpt,45,history_pdf
2026-01-03,Sat,9:00 am,10:00 am,EST,C2 - CorePower Yoga 2,Tenleytown,Jamie S,C2,CorePower Yoga 2,60,history_pdf
2026-01-06,Tue,4:45 pm,5:45 pm,EST,C2 - CorePower Yoga 2,Tenleytown,Ashley B,C2,CorePower Yoga 2,60,history_pdf
2026-01-07,Wed,7:15 am,8:00 am,EST,YS - Yoga Sculpt 45 mins,Tenleytown,Tess M,YS,Yoga Sculpt,45,history_pdf
2026-01-09,Fri,7:15 am,8:00 am,EST,YS - Yoga Sculpt | 45 mins,Tenleytown,Rachelle D,YS,Yoga Sculpt,45,history_pdf
2026-01-11,Sun,10:30 am,11:30 am,EST,YS - Yoga Sculpt,Tenleytown,Veronica W,YS,Yoga Sculpt,60,history_pdf
2026-01-14,Wed,4:45 pm,5:45 pm,EST,C2 - CorePower Yoga 2,Tenleytown,Ashley B,C2,CorePower Yoga 2,60,history_pdf
2026-01-15,Thu,7:15 am,8:00 am,EST,YS - Yoga Sculpt | 45 mins,Tenleytown,Tess M,YS,Yoga Sculpt,45,history_pdf
2026-01-17,Sat,9:00 am,10:00 am,EST,C2 - CorePower Yoga 2,Tenleytown,Jamie S,C2,CorePower Yoga 2,60,history_pdf
2026-01-28,Wed,6:15 pm,7:15 pm,EST,C2 - CorePower Yoga 2,Tenleytown,Alyssa P,C2,CorePower Yoga 2,60,history_pdf
2026-01-30,Fri,5:00 pm,6:00 pm,EST,YS - Yoga Sculpt,Tenleytown,Alexis W,YS,Yoga Sculpt,60,history_pdf
2026-01-31,Sat,9:00 am,10:00 am,EST,C2 - CorePower Yoga 2 (Free),Tenleytown,Jamie S,C2,CorePower Yoga 2,60,history_pdf
2026-02-02,Mon,7:15 am,8:00 am,EST,YS - Yoga Sculpt 45 mins,Tenleytown,Tess M,YS,Yoga Sculpt,45,history_pdf
2026-02-04,Wed,7:15 am,8:00 am,EST,YS - Yoga Sculpt 45 mins,Tenleytown,Tess M,YS,Yoga Sculpt,45,history_pdf
2026-02-06,Fri,7:15 am,8:00 am,EST,YS - Yoga Sculpt | 45 mins,Tenleytown,Rachelle D,YS,Yoga Sculpt,45,history_pdf
2026-02-07,Sat,9:00 am,10:00 am,EST,C2 - CorePower Yoga 2,Tenleytown,Jamie S,C2,CorePower Yoga 2,60,history_pdf
2026-02-09,Mon,5:45 pm,6:45 pm,EST,YS - Yoga Sculpt,Tenleytown,Lindsay M,YS,Yoga Sculpt,60,history_pdf
2026-02-11,Wed,6:15 pm,7:15 pm,EST,C2 - CorePower Yoga 2,Tenleytown,Meredith B,C2,CorePower Yoga 2,60,history_pdf
2026-02-12,Thu,7:15 am,8:00 am,EST,YS - Yoga Sculpt | 45 mins,Tenleytown,Talia S,YS,Yoga Sculpt,45,history_pdf
2026-02-14,Sat,9:00 am,10:00 am,EST,C2 - CorePower Yoga 2,Tenleytown,Jamie S,C2,CorePower Yoga 2,60,history_pdf
2026-02-18,Wed,7:15 am,8:00 am,EST,YS - Yoga Sculpt: 45-Min,Tenleytown,Tess M,YS,Yoga Sculpt,45,history_pdf
2026-02-19,Thu,7:15 am,8:00 am,EST,YS - Yoga Sculpt: 45-Min,Tenleytown,Tess M,YS,Yoga Sculpt,45,history_pdf
2026-02-25,Wed,6:15 pm,7:15 pm,EST,C2 - CorePower Yoga 2,Tenleytown,Meredith B,C2,CorePower Yoga 2,60,history_pdf
2026-02-26,Thu,7:15 am,8:00 am,EST,YS - Yoga Sculpt: 45-Min,Tenleytown,Tess M,YS,Yoga Sculpt,45,history_pdf
2026-02-28,Sat,9:00 am,10:00 am,EST,C2 - CorePower Yoga 2,Tenleytown,Jamie S,C2,CorePower Yoga 2,60,history_pdf
2026-03-02,Mon,7:15 am,8:00 am,EST,YS - Yoga Sculpt: 45-Min,Tenleytown,Tess M,YS,Yoga Sculpt,45,history_pdf
2026-03-04,Wed,6:15 pm,7:15 pm,EST,C2 - CorePower Yoga 2,Tenleytown,Meredith B,C2,CorePower Yoga 2,60,history_pdf
2026-03-05,Thu,7:15 am,8:00 am,EST,YS - Yoga Sculpt: 45-Min,Tenleytown,Tess M,YS,Yoga Sculpt,45,history_pdf
2026-03-07,Sat,9:00 am,10:00 am,EST,C2 - CorePower Yoga 2,Tenleytown,Jamie S,C2,CorePower Yoga 2,60,history_pdf
2026-03-09,Mon,7:00 am,8:00 am,EDT,YS - Yoga Sculpt,Tenleytown,Tess M,YS,Yoga Sculpt,60,history_pdf
2026-03-17,Tue,6:00 am,6:45 am,EDT,YS - Yoga Sculpt: 45-Min,Tenleytown,Gabrielle H,YS,Yoga Sculpt,45,history_pdf
2026-03-18,Wed,7:00 am,8:00 am,EDT,YS - Yoga Sculpt,Tenleytown,Aimee D,YS,Yoga Sculpt,60,history_pdf
2026-03-20,Fri,9:00 am,10:00 am,EDT,YS - Yoga Sculpt,Tenleytown,Rachelle D,YS,Yoga Sculpt,60,history_pdf
2026-03-21,Sat,9:00 am,10:00 am,EDT,C2 - CorePower Yoga 2,Tenleytown,Jamie S,C2,CorePower Yoga 2,60,history_pdf
2026-03-22,Sun,10:30 am,11:30 am,EDT,YS - Yoga Sculpt,Tenleytown,Veronica W,YS,Yoga Sculpt,60,history_pdf
2026-03-24,Tue,6:00 am,6:45 am,EDT,YS - Yoga Sculpt: 45-Min,Tenleytown,Talia S,YS,Yoga Sculpt,45,history_pdf
2026-03-25,Wed,6:15 pm,7:15 pm,EDT,C2 - CorePower Yoga 2,Tenleytown,Meredith B,C2,CorePower Yoga 2,60,history_pdf
2026-03-27,Fri,5:00 pm,6:00 pm,EDT,YS - Yoga Sculpt,Tenleytown,Alexandra C,YS,Yoga Sculpt,60,history_pdf
2026-03-30,Mon,7:00 am,8:00 am,EDT,YS - Yoga Sculpt,Tenleytown,Tess M,YS,Yoga Sculpt,60,history_pdf
2026-04-01,Wed,6:15 pm,7:15 pm,EDT,C2 - CorePower Yoga 2,Tenleytown,Meredith B,C2,CorePower Yoga 2,60,history_pdf
2026-04-03,Fri,7:30 am,8:30 am,EDT,YS - Yoga Sculpt,Tenleytown,Rachelle D,YS,Yoga Sculpt,60,history_pdf
2026-04-04,Sat,9:00 am,10:00 am,EDT,C2 - CorePower Yoga 2,Tenleytown,Jamie S,C2,CorePower Yoga 2,60,history_pdf
2026-04-06,Mon,7:00 am,8:00 am,EDT,YS - Yoga Sculpt,Tenleytown,Tess M,YS,Yoga Sculpt,60,history_pdf
2026-04-08,Wed,6:15 pm,7:15 pm,EDT,C2 - CorePower Yoga 2,Tenleytown,Meredith B,C2,CorePower Yoga 2,60,history_pdf
2026-04-11,Sat,9:00 am,10:00 am,EDT,C2 - CorePower Yoga 2,Tenleytown,Jamie S,C2,CorePower Yoga 2,60,history_pdf
2026-04-12,Sun,9:00 am,10:00 am,EDT,YS - Yoga Sculpt,Tenleytown,Talia S,YS,Yoga Sculpt,60,history_pdf
2026-04-13,Mon,7:00 am,8:00 am,EDT,YS - Yoga Sculpt,Tenleytown,Kennedy G,YS,Yoga Sculpt,60,history_pdf
2026-04-15,Wed,6:15 pm,7:15 pm,EDT,C2 - CorePower Yoga 2,Tenleytown,Avery C,C2,CorePower Yoga 2,60,history_pdf
2026-04-20,Mon,7:00 am,8:00 am,EDT,YS - Yoga Sculpt,Tenleytown,Tess M,YS,Yoga Sculpt,60,history_pdf
2026-04-22,Wed,7:00 am,8:00 am,EDT,YS - Yoga Sculpt,Tenleytown,Tess M,YS,Yoga Sculpt,60,history_pdf
2026-04-27,Mon,7:00 am,8:00 am,EDT,YS - Yoga Sculpt,Tenleytown,Talia S,YS,Yoga Sculpt,60,history_pdf
2026-04-29,Wed,6:15 pm,7:15 pm,EDT,C2 - CorePower Yoga 2,Tenleytown,Meredith B,C2,CorePower Yoga 2,60,history_pdf
2026-05-01,Fri,7:30 am,8:30 am,EDT,YS - Yoga Sculpt,Tenleytown,Rachelle D,YS,Yoga Sculpt,60,history_pdf
2026-05-03,Sun,7:30 am,8:30 am,EDT,YS - Yoga Sculpt,Tenleytown,Talia S,YS,Yoga Sculpt,60,history_pdf
2026-05-04,Mon,7:00 am,8:00 am,EDT,YS - Yoga Sculpt,Tenleytown,Tess M,YS,Yoga Sculpt,60,history_pdf
2026-05-06,Wed,6:15 pm,7:15 pm,EDT,C2 - CorePower Yoga 2,Tenleytown,Meredith B,C2,CorePower Yoga 2,60,history_pdf
2026-05-08,Fri,7:30 am,8:30 am,EDT,YS - Yoga Sculpt,Tenleytown,Rachelle D,YS,Yoga Sculpt,60,history_pdf
2026-05-09,Sat,9:00 am,10:00 am,EDT,C2 - CorePower Yoga 2,Tenleytown,Jamie S,C2,CorePower Yoga 2,60,history_pdf
2026-05-11,Mon,7:00 am,8:00 am,EDT,YS - Yoga Sculpt,Tenleytown,Talia S,YS,Yoga Sculpt,60,history_pdf
2026-05-13,Wed,6:15 pm,7:15 pm,EDT,C2 - CorePower Yoga 2,Tenleytown,Meredith B,C2,CorePower Yoga 2,60,history_pdf
2026-05-15,Fri,7:30 am,8:30 am,EDT,YS - Yoga Sculpt,Tenleytown,Rachelle D,YS,Yoga Sculpt,60,history_pdf
2026-05-17,Sun,10:30 am,11:30 am,EDT,YS - Yoga Sculpt,Tenleytown,Gabrielle H,YS,Yoga Sculpt,60,history_pdf
2026-05-18,Mon,7:00 am,8:00 am,EDT,YS - Yoga Sculpt,Tenleytown,Tess M,YS,Yoga Sculpt,60,history_pdf
2026-05-20,Wed,6:15 pm,7:15 pm,EDT,C2 - CorePower Yoga 2,Tenleytown,Meredith B,C2,CorePower Yoga 2,60,history_pdf
2026-05-22,Fri,7:30 am,8:30 am,EDT,YS - Yoga Sculpt,Tenleytown,Rachelle D,YS,Yoga Sculpt,60,history_pdf
2026-05-23,Sat,9:00 am,10:00 am,EDT,C2 - CorePower Yoga 2,Tenleytown,Jamie S,C2,CorePower Yoga 2,60,history_pdf
2026-05-27,Wed,7:00 am,8:00 am,EDT,YS - Yoga Sculpt,Tenleytown,Tess M,YS,Yoga Sculpt,60,history_pdf
2026-05-29,Fri,7:30 am,8:30 am,EDT,YS - Yoga Sculpt,Tenleytown,Rachelle D,YS,Yoga Sculpt,60,history_pdf
2026-06-01,Mon,7:00 am,8:00 am,EDT,YS - Yoga Sculpt,Tenleytown,Tess M,YS,Yoga Sculpt,60,history_pdf
2026-06-03,Wed,7:00 am,8:00 am,EDT,YS - Yoga Sculpt,Tenleytown,Tess M,YS,Yoga Sculpt,60,history_pdf
2026-06-05,Fri,7:30 am,8:30 am,EDT,YS - Yoga Sculpt,Tenleytown,Rachelle D,YS,Yoga Sculpt,60,history_pdf
2026-06-06,Sat,9:00 am,10:00 am,EDT,C2 - CorePower Yoga 2,Tenleytown,Jamie S,C2,CorePower Yoga 2,60,history_pdf
2026-06-09,Tue,5:45 pm,6:45 pm,EDT,YS - Yoga Sculpt,Tenleytown,Veronica W,YS,Yoga Sculpt,60,history_pdf
2026-06-10,Wed,6:15 pm,7:15 pm,EDT,C2 - CorePower Yoga 2,Tenleytown,Meredith B,C2,CorePower Yoga 2,60,history_pdf
2026-06-12,Fri,7:30 am,8:30 am,EDT,YS - Yoga Sculpt,Tenleytown,Rachelle D,YS,Yoga Sculpt,60,history_pdf
2026-06-14,Sun,9:00 am,10:00 am,EDT,YS - Yoga Sculpt,Tenleytown,Ruth E,YS,Yoga Sculpt,60,history_pdf
2026-06-16,Tue,7:30 am,8:30 am,EDT,YS - Yoga Sculpt,Tenleytown,Jonnie J,YS,Yoga Sculpt,60,history_pdf
2026-06-17,Wed,6:15 pm,7:15 pm,EDT,C2 - CorePower Yoga 2,Tenleytown,Meredith B,C2,CorePower Yoga 2,60,history_pdf
2026-06-19,Fri,7:30 am,8:30 am,EDT,YS - Yoga Sculpt,Tenleytown,Rachelle D,YS,Yoga Sculpt,60,history_pdf
2026-06-22,Mon,7:00 am,8:00 am,EDT,YS - Yoga Sculpt,Tenleytown,Tess M,YS,Yoga Sculpt,60,history_pdf
2026-06-24,Wed,7:00 am,8:00 am,EDT,YS - Yoga Sculpt,Tenleytown,Tess M,YS,Yoga Sculpt,60,history_pdf
2026-06-25,Thu,6:15 pm,7:15 pm,EDT,C2 - CorePower Yoga 2,Tenleytown,Meredith B,C2,CorePower Yoga 2,60,history_pdf
2026-06-30,Tue,7:30 am,8:30 am,EDT,YS - Yoga Sculpt,Tenleytown,Jonnie J,YS,Yoga Sculpt,60,history_pdf
2026-07-01,Wed,7:00 am,8:00 am,EDT,YS - Yoga Sculpt,Tenleytown,Talia S,YS,Yoga Sculpt,60,history_pdf
2026-07-03,Fri,7:30 am,8:30 am,EDT,YS - Yoga Sculpt,Tenleytown,Rachelle D,YS,Yoga Sculpt,60,history_pdf
2026-07-04,Sat,9:00 am,10:00 am,EDT,C2 - CorePower Yoga 2,Tenleytown,Jamie S,C2,CorePower Yoga 2,60,history_pdf
2026-07-08,Wed,6:00 am,7:00 am,EDT,YS - Yoga Sculpt,Glover Park,Kennedy G,YS,Yoga Sculpt,60,history_pdf
2026-07-10,Fri,6:15 am,7:00 am,EDT,YS - Yoga Sculpt 45 Mins,Glover Park,Ella D,YS,Yoga Sculpt,45,history_pdf
2026-07-11,Sat,10:30 am,11:30 am,EDT,YS - Yoga Sculpt,Glover Park,Valentina C,YS,Yoga Sculpt,60,history_pdf
2026-07-14,Tue,6:15 am,7:00 am,EDT,YS - Yoga Sculpt,Glover Park,Ella D,YS,Yoga Sculpt,45,history_pdf
2026-07-17,Fri,6:15 am,7:00 am,EDT,YS - Yoga Sculpt 45 Mins,Glover Park,Valentina C,YS,Yoga Sculpt,45,history_pdf
2026-07-18,Sat,9:00 am,10:00 am,EDT,YS - Yoga Sculpt,Glover Park,Valentina C,YS,Yoga Sculpt,60,history_pdf
2026-07-20,Mon,7:00 am,8:00 am,EDT,YS - Yoga Sculpt,Tenleytown,Tess M,YS,Yoga Sculpt,60,history_screenshot
2026-07-28,Tue,7:30 am,8:30 am,EDT,YS - Yoga Sculpt,Tenleytown,Jonnie J,YS,Yoga Sculpt,60,history_screenshot
2026-07-29,Wed,7:00 am,8:00 am,EDT,YS - Yoga Sculpt,Tenleytown,Tess M,YS,Yoga Sculpt,60,history_screenshot
2026-08-05,Wed,7:00 am,8:00 am,EDT,YS - Yoga Sculpt,Tenleytown,Tess M,YS,Yoga Sculpt,60,history_screenshot
2026-08-07,Fri,7:30 am,8:30 am,EDT,YS - Yoga Sculpt,Tenleytown,Rachelle D,YS,Yoga Sculpt,60,history_screenshot
2026-08-08,Sat,9:00 am,10:00 am,EDT,C2 - CorePower Yoga 2,Tenleytown,Jamie S,C2,CorePower Yoga 2,60,history_screenshot
2026-08-11,Tue,7:30 am,8:30 am,EDT,YS - Yoga Sculpt,Tenleytown,Jonnie J,YS,Yoga Sculpt,60,history_screenshot
2026-08-12,Wed,6:15 pm,7:15 pm,EDT,C2 - CorePower Yoga 2,Tenleytown,Meredith B,C2,CorePower Yoga 2,60,history_screenshot
2026-08-14,Fri,7:30 am,8:30 am,EDT,YS - Yoga Sculpt,Tenleytown,Rachelle D,YS,Yoga Sculpt,60,history_screenshot
2026-08-24,Mon,7:00 am,8:00 am,EDT,YS - Yoga Sculpt,Tenleytown,Talia S,YS,Yoga Sculpt,60,history_screenshot
2026-08-26,Wed,6:15 pm,7:15 pm,EDT,C2 - CorePower Yoga 2,Tenleytown,Avery C,C2,CorePower Yoga 2,60,history_screenshot
2026-08-27,Thu,6:00 am,7:00 am,EDT,YS - Yoga Sculpt,Tenleytown,Talia S,YS,Yoga Sculpt,60,history_screenshot
2026-08-28,Fri,7:30 am,8:30 am,EDT,YS - Yoga Sculpt,Tenleytown,Rachelle D,YS,Yoga Sculpt,60,history_screenshot
2026-08-30,Sun,11:30 am,12:30 pm,EDT,YS - Yoga Sculpt,Little Italy,Shelby L,YS,Yoga Sculpt,60,history_screenshot
2026-09-02,Wed,7:00 am,8:00 am,EDT,YS - Yoga Sculpt,Tenleytown,Tess M,YS,Yoga Sculpt,60,history_screenshot
2026-09-04,Fri,7:30 am,8:30 am,EDT,YS - Yoga Sculpt,Tenleytown,Rachelle D,YS,Yoga Sculpt,60,history_screenshot
2026-09-05,Sat,9:00 am,10:00 am,EDT,C2 - CorePower Yoga 2,Tenleytown,Jamie S,C2,CorePower Yoga 2,60,history_screenshot
