workout_date,class_time,studio,coach,splat_points,calories,avg_hr,peak_hr,avg_pct_max_hr,peak_pct_max_hr,zone_gray_min,zone_blue_min,zone_green_min,zone_orange_min,zone_red_min,steps,class_type,template,is_forward,source_file,email_date_utc,note
2018-01-16,,,,39,977,162,,86.0,,2,1,15,20,19,,,2018-perfsummary,False,OTF_Data-2018.mbox,2018-01-16T22:30:02+00:00,
2018-01-25,,,,33,961,154,,82.0,,1,5,20,28,5,,,2018-perfsummary,False,OTF_Data-2018.mbox,2018-01-25T22:33:04+00:00,
2018-01-29,,,,34,924,157,,84.0,,3,2,17,23,11,,,2018-perfsummary,False,OTF_Data-2018.mbox,2018-01-29T16:30:12+00:00,
2018-02-01,,,,30,882,154,,82.0,,3,4,18,17,13,,,2018-perfsummary,False,OTF_Data-2018.mbox,2018-02-01T22:32:48+00:00,
2018-02-05,,,,27,866,155,,82.0,,0,5,22,20,7,,,2018-perfsummary,False,OTF_Data-2018.mbox,2018-02-05T22:30:15+00:00,
2018-02-08,,,,25,873,151,,80.0,,2,4,25,19,6,,,2018-perfsummary,False,OTF_Data-2018.mbox,2018-02-08T22:29:52+00:00,
2018-02-12,,,,27,939,155,,82.0,,1,4,27,19,8,,,2018-perfsummary,False,OTF_Data-2018.mbox,2018-02-12T22:32:14+00:00,
2018-02-20,,,,31,942,155,,82.0,,2,8,19,20,11,,,2018-perfsummary,False,OTF_Data-2018.mbox,2018-02-20T22:31:42+00:00,
2018-02-22,,,,32,837,156,,83.0,,1,5,15,27,5,,,2018-perfsummary,False,OTF_Data-2018.mbox,2018-02-22T22:30:48+00:00,
2018-02-26,,,,21,815,147,,78.0,,3,9,22,18,3,,,2018-perfsummary,False,OTF_Data-2018.mbox,2018-02-26T22:30:37+00:00,
2018-02-27,,,,26,878,150,,80.0,,5,6,21,19,7,,,2018-perfsummary,False,OTF_Data-2018.mbox,2018-02-27T22:29:29+00:00,
2018-03-01,,,,17,836,146,,78.0,,1,13,25,12,5,,,2018-perfsummary,False,OTF_Data-2018.mbox,2018-03-01T22:30:11+00:00,
2018-03-06,,,,20,806,147,,78.0,,3,10,22,17,3,,,2018-perfsummary,False,OTF_Data-2018.mbox,2018-03-06T15:10:16+00:00,
2018-03-08,,,,18,827,144,,76.0,,3,14,22,14,4,,,2018-perfsummary,False,OTF_Data-2018.mbox,2018-03-08T22:30:27+00:00,
2018-03-09,,,,13,777,136,,72.0,,9,16,20,10,3,,,2018-perfsummary,False,OTF_Data-2018.mbox,2018-03-09T22:34:02+00:00,
2018-03-12,,,,30,915,154,,82.0,,1,5,21,25,5,,,2018-perfsummary,False,OTF_Data-2018.mbox,2018-03-12T21:30:05+00:00,
2018-03-14,,,,27,877,155,,83.0,,1,6,19,16,11,,,2018-perfsummary,False,OTF_Data-2018.mbox,2018-03-14T21:27:16+00:00,
2018-03-20,,,,18,821,147,,78.0,,2,11,23,13,5,,,2018-perfsummary,False,OTF_Data-2018.mbox,2018-03-20T21:28:04+00:00,
2018-03-23,,,,19,812,145,,77.0,,3,10,23,18,1,,,2018-perfsummary,False,OTF_Data-2018.mbox,2018-03-23T21:28:03+00:00,
2018-03-28,,,,24,894,150,,80.0,,3,7,24,19,5,,,2018-keepburning,False,OTF_Data-2018.mbox,2018-03-28T18:05:44-04:00,
2018-03-29,,,,24,894,150,,80.0,,3,7,24,19,5,,,2018-keepburning,False,OTF_Data-2018.mbox,2018-03-29T00:43:45+00:00,
2018-04-02,,,,29,889,151,,81.0,,5,7,16,21,8,,,2018-keepburning,False,OTF_Data-2018.mbox,2018-04-02T21:27:55+00:00,
2018-04-03,,,,6,752,139,,74.0,,5,14,29,6,0,,,2018-keepburning,False,OTF_Data-2018.mbox,2018-04-03T21:26:41+00:00,
2018-04-05,,,,28,849,152,,81.0,,5,4,18,21,7,,,2018-keepburning,False,OTF_Data-2018.mbox,2018-04-05T21:26:15+00:00,
2018-04-06,,,,20,811,147,,78.0,,2,12,20,16,4,,,2018-keepburning,False,OTF_Data-2018.mbox,2018-04-06T15:29:47+00:00,
2018-04-09,,,,25,888,147,,78.0,,6,10,19,16,9,,,2018-keepburning,False,OTF_Data-2018.mbox,2018-04-09T21:29:55+00:00,
2018-04-10,,,,13,744,137,,73.0,,8,15,19,7,6,,,2018-keepburning,False,OTF_Data-2018.mbox,2018-04-10T21:27:27+00:00,
2018-04-13,,,,24,900,147,,78.0,,5,7,24,19,5,,,2018-keepburning,False,OTF_Data-2018.mbox,2018-04-13T15:29:49+00:00,
2018-04-17,,,,17,815,145,,77.0,,4,8,26,17,0,,,2018-keepburning,False,OTF_Data-2018.mbox,2018-04-17T21:25:30+00:00,
2018-04-19,,,,34,670,172,,84.0,,0,3,20,27,7,,,2018-keepburning,False,OTF_Data-2018.mbox,2018-04-19T21:30:24+00:00,
2018-04-25,,,,32,922,156,,83.0,,1,4,20,25,7,,,2018-keepburning,False,OTF_Data-2018.mbox,2018-04-25T21:27:53+00:00,
2018-04-27,,,,24,864,147,,78.0,,2,11,21,22,2,,,2018-keepburning,False,OTF_Data-2018.mbox,2018-04-27T16:57:01+00:00,
2018-05-02,,,,30,943,152,,81.0,,2,6,21,25,5,,,2018-keepburning,False,OTF_Data-2018.mbox,2018-05-02T21:30:05+00:00,
2018-05-04,,,,24,853,149,,79.0,,3,6,23,21,3,,,2018-keepburning,False,OTF_Data-2018.mbox,2018-05-04T16:55:33+00:00,
2018-05-07,,,,27,873,154,,82.0,,2,6,21,17,10,,,2018-keepburning,False,OTF_Data-2018.mbox,2018-05-07T21:30:04+00:00,
2018-05-09,,,,25,892,152,,81.0,,2,6,25,17,8,,,2018-keepburning,False,OTF_Data-2018.mbox,2018-05-09T21:30:12+00:00,
2018-05-11,,,,30,910,154,,82.0,,1,5,21,24,6,,,2018-keepburning,False,OTF_Data-2018.mbox,2018-05-11T16:57:06+00:00,
2018-05-14,,,,19,833,145,,77.0,,4,9,25,16,3,,,2018-keepburning,False,OTF_Data-2018.mbox,2018-05-14T21:28:01+00:00,
2018-05-16,,,,21,875,144,,77.0,,4,12,23,20,1,,,2018-keepburning,False,OTF_Data-2018.mbox,2018-05-16T21:30:41+00:00,
2018-05-18,,,,20,869,149,,79.0,,3,5,29,18,2,,,2018-keepburning,False,OTF_Data-2018.mbox,2018-05-18T17:00:22+00:00,
2018-05-21,,,,26,858,154,,82.0,,2,6,20,15,11,,,2018-keepburning,False,OTF_Data-2018.mbox,2018-05-21T16:57:05+00:00,
2018-05-22,,,,25,895,150,,80.0,,2,6,25,24,1,,,2018-keepburning,False,OTF_Data-2018.mbox,2018-05-22T21:30:19+00:00,
2018-05-24,,,,29,901,151,,80.0,,3,9,17,23,6,,,2018-keepburning,False,OTF_Data-2018.mbox,2018-05-24T16:59:57+00:00,
2018-05-25,,,,20,853,146,,78.0,,4,6,28,18,2,,,2018-keepburning,False,OTF_Data-2018.mbox,2018-05-25T21:27:56+00:00,
2018-05-29,,,,22,789,148,,79.0,,1,12,17,19,3,,,2018-keepburning,False,OTF_Data-2018.mbox,2018-05-29T21:25:06+00:00,
2018-05-31,,,,25,857,149,,79.0,,6,6,20,21,4,,,2018-keepburning,False,OTF_Data-2018.mbox,2018-05-31T16:59:16+00:00,
2018-06-01,,,,10,782,137,,73.0,,6,16,27,10,0,,,2018-keepburning,False,OTF_Data-2018.mbox,2018-06-01T16:57:52+00:00,
2018-06-04,,,,24,822,148,,79.0,,5,5,21,19,4,,,2018-keepburning,False,OTF_Data-2018.mbox,2018-06-04T21:27:19+00:00,
2018-06-05,,,,17,809,140,,75.0,,7,11,23,17,0,,,2018-keepburning,False,OTF_Data-2018.mbox,2018-06-05T16:59:45+00:00,
2018-06-07,,,,25,779,151,,80.0,,4,6,16,18,7,,,2018-keepburning,False,OTF_Data-2018.mbox,2018-06-07T16:55:18+00:00,
2018-06-11,,,,15,753,139,,74.0,,8,11,20,14,2,,,2018-keepburning,False,OTF_Data-2018.mbox,2018-06-11T16:58:31+00:00,
2018-06-12,,,,18,804,144,,77.0,,4,9,24,16,2,,,2018-keepburning,False,OTF_Data-2018.mbox,2018-06-12T21:26:14+00:00,
2018-06-14,,,,25,891,148,,78.0,,5,8,22,24,1,,,2018-keepburning,False,OTF_Data-2018.mbox,2018-06-14T17:05:00+00:00,
2018-06-18,,,,11,632,144,,76.0,,1,11,21,9,1,,,2018-keepburning,False,OTF_Data-2018.mbox,2018-06-18T16:55:04+00:00,
2018-06-19,,,,17,861,143,,76.0,,5,14,24,10,6,,,2018-keepburning,False,OTF_Data-2018.mbox,2018-06-19T17:01:44+00:00,
2018-06-21,,,,23,837,146,,77.0,,5,8,20,19,4,,,2018-keepburning,False,OTF_Data-2018.mbox,2018-06-21T16:56:58+00:00,
2018-06-23,,,,19,824,148,,79.0,,2,8,26,19,0,,,2018-keepburning,False,OTF_Data-2018.mbox,2018-06-23T15:14:21+00:00,
2018-06-25,,,,22,860,146,,78.0,,5,11,20,15,7,,,2018-keepburning,False,OTF_Data-2018.mbox,2018-06-25T14:12:59+00:00,
2018-06-28,,,,29,845,152,,81.0,,4,3,17,26,3,,,2018-keepburning,False,OTF_Data-2018.mbox,2018-06-28T13:14:58+00:00,
2018-07-02,,,,14,752,140,,74.0,,9,13,18,9,6,,,2018-keepburning,False,OTF_Data-2018.mbox,2018-07-02T14:11:16+00:00,
2018-07-03,,,,14,769,141,,75.0,,6,10,24,13,1,,,2018-keepburning,False,OTF_Data-2018.mbox,2018-07-03T13:11:13+00:00,
2018-07-05,,,,17,781,142,,75.0,,5,12,22,16,0,,,2018-keepburning,False,OTF_Data-2018.mbox,2018-07-05T12:10:42+00:00,
2018-07-08,,,,19,816,139,,74.0,,10,11,19,14,5,,,2018-keepburning,False,OTF_Data-2018.mbox,2018-07-08T15:45:13+00:00,
2018-07-12,,,,26,916,149,,79.0,,4,6,24,24,2,,,2018-keepburning,False,OTF_Data-2018.mbox,2018-07-12T14:17:07+00:00,
2018-07-16,,,,29,874,148,,79.0,,9,5,15,19,10,,,2018-keepburning,False,OTF_Data-2018.mbox,2018-07-16T14:13:10+00:00,
2018-07-18,,,,16,814,137,,73.0,,9,17,18,14,2,,,2018-keepburning,False,OTF_Data-2018.mbox,2018-07-18T14:20:00+00:00,
2018-07-19,,,,20,773,149,,79.0,,1,9,21,16,4,,,2018-keepburning,False,OTF_Data-2018.mbox,2018-07-19T13:15:00+00:00,
2018-07-23,,,,20,777,144,,77.0,,6,11,17,14,6,,,2018-keepburning,False,OTF_Data-2018.mbox,2018-07-23T21:25:09+00:00,
2018-07-25,,,,23,826,147,,78.0,,4,8,20,20,3,,,2018-keepburning,False,OTF_Data-2018.mbox,2018-07-25T21:25:18+00:00,
2018-07-27,,,,16,814,141,,75.0,,6,16,19,15,1,,,2018-keepburning,False,OTF_Data-2018.mbox,2018-07-27T21:28:43+00:00,
2018-07-29,,,,23,851,150,,80.0,,2,10,20,18,6,,,2018-keepburning,False,OTF_Data-2018.mbox,2018-07-29T14:27:15+00:00,
2018-07-31,,,,19,857,144,,77.0,,5,8,27,16,3,,,2018-keepburning,False,OTF_Data-2018.mbox,2018-07-31T17:00:36+00:00,
2018-08-02,,,,13,742,142,,75.0,,5,16,19,7,6,,,2018-keepburning,False,OTF_Data-2018.mbox,2018-08-02T13:15:07+00:00,
2018-08-05,,,,22,841,144,,77.0,,7,10,19,18,4,,,2018-keepburning,False,OTF_Data-2018.mbox,2018-08-05T13:28:37+00:00,
2018-08-08,,,,23,840,150,,80.0,,2,9,20,16,7,,,2018-keepburning,False,OTF_Data-2018.mbox,2018-08-08T21:25:10+00:00,
2018-08-17,,,,30,906,155,,83.0,,1,5,19,19,11,,,2018-keepburning,False,OTF_Data-2018.mbox,2018-08-17T21:25:53+00:00,
2018-08-20,,,,38,922,156,,83.0,,9,3,7,13,25,,,2018-keepburning,False,OTF_Data-2018.mbox,2018-08-20T21:27:38+00:00,
2018-08-22,,,,28,891,153,,82.0,,1,5,21,26,2,,,2018-keepburning,False,OTF_Data-2018.mbox,2018-08-22T14:11:36+00:00,
2018-08-24,,,,24,797,152,,81.0,,1,7,19,18,5,,,2018-keepburning,False,OTF_Data-2018.mbox,2018-08-24T16:55:10+00:00,
2018-08-27,,,,17,768,138,,73.0,,12,13,15,13,4,,,2018-keepburning,False,OTF_Data-2018.mbox,2018-08-27T14:12:27+00:00,
2018-08-29,,,,26,917,149,,79.0,,2,15,17,20,6,,,2018-keepburning,False,OTF_Data-2018.mbox,2018-08-29T21:30:11+00:00,
2018-08-31,,,,16,803,140,,75.0,,6,15,20,14,2,,,2018-keepburning,False,OTF_Data-2018.mbox,2018-08-31T21:28:12+00:00,
2018-09-04,,,,16,788,138,,73.0,,8,18,15,12,4,,,2018-keepburning,False,OTF_Data-2018.mbox,2018-09-04T16:57:07+00:00,
2018-09-06,,,,34,872,149,,82.0,,5,4,14,24,10,,,2018-keepburning,False,OTF_Data-2018.mbox,2018-09-06T16:58:15+00:00,
2018-09-10,,,,22,794,142,,78.0,,6,12,16,11,11,,,2018-keepburning,False,OTF_Data-2018.mbox,2018-09-10T14:15:12+00:00,
2018-09-12,,,,23,853,147,,81.0,,1,12,21,10,14,,,2018-keepburning,False,OTF_Data-2018.mbox,2018-09-12T14:16:17+00:00,
2018-09-14,,,,40,913,156,,86.0,,2,4,11,21,19,,,2018-keepburning,False,OTF_Data-2018.mbox,2018-09-14T14:15:12+00:00,
2018-09-17,,,,25,808,149,,82.0,,1,4,22,18,8,,,2018-keepburning,False,OTF_Data-2018.mbox,2018-09-17T14:09:59+00:00,
2018-09-19,,,,21,780,145,,79.0,,3,8,21,8,13,,,2018-keepburning,False,OTF_Data-2018.mbox,2018-09-19T16:55:18+00:00,
2018-09-22,,,,23,545,170,,93.0,,2,3,2,0,23,,,2018-keepburning,False,OTF_Data-2018.mbox,2018-09-22T17:35:04+00:00,
2018-09-23,,,,23,537,174,,96.0,,0,0,5,1,22,,,2018-keepburning,False,OTF_Data-2018.mbox,2018-09-23T10:35:00+00:00,
2018-09-25,,,,23,790,144,,79.0,,2,7,21,21,2,,,2018-keepburning,False,OTF_Data-2018.mbox,2018-09-25T14:11:15+00:00,
2018-09-27,,,,22,811,144,,79.0,,2,10,21,14,7,,,2018-keepburning,False,OTF_Data-2018.mbox,2018-09-27T16:55:41+00:00,
2018-10-01,9:15 AM,"Tenleytown, DC",Kristof,21,814,142,186.0,78.0,99.0,5,15,16,5,16,,Orange 60,2018-transitional,False,OTF_Data-2018.mbox,2018-10-01T14:14:31+00:00,
2018-10-03,12:00 PM,"Tenleytown, DC",Tammy,31,860,151,180.0,83.0,99.0,1,6,16,18,13,,Orange 60,2018-transitional,False,OTF_Data-2018.mbox,2018-10-03T16:56:08+00:00,
2018-10-05,9:15 AM,"Tenleytown, DC",Tammy,27,865,149,182.0,82.0,99.0,4,2,22,16,11,,Orange 60,2018-transitional,False,OTF_Data-2018.mbox,2018-10-05T14:14:34+00:00,
2018-10-08,10:30 AM,"Tenleytown, DC",Kristof,44,937,156,183.0,86.0,99.0,4,2,8,24,20,,Orange 60,2018-transitional,False,OTF_Data-2018.mbox,2018-10-08T15:29:47+00:00,
2018-10-09,12:00 PM,"Tenleytown, DC",Tammy,32,854,153,181.0,84.0,99.0,3,4,16,15,17,,Tornado,2018-transitional,False,OTF_Data-2018.mbox,2018-10-09T16:58:15+00:00,
2018-10-11,12:00 PM,"Tenleytown, DC",Tammy,26,760,145,174.0,80.0,96.0,4,6,16,22,4,,Orange 60,2018-transitional,False,OTF_Data-2018.mbox,2018-10-11T16:53:13+00:00,
2018-10-16,12:00 PM,"Tenleytown, DC",Tammy,26,826,149,179.0,82.0,98.0,1,6,22,17,9,,,2019+,False,OTF_Data-2018.mbox,2018-10-16T16:58:31+00:00,
2018-10-18,8:15 AM,"Tenleytown, DC",Kristof,13,747,137,173.0,75.0,95.0,5,12,25,9,4,,,2019+,False,OTF_Data-2018.mbox,2018-10-18T13:11:48+00:00,
2018-10-22,10:30 AM,"Tenleytown, DC",Kristof,30,855,149,183.0,82.0,99.0,3,5,17,19,11,,,2019+,False,OTF_Data-2018.mbox,2018-10-22T15:30:44+00:00,
2018-10-24,12:00 PM,"Tenleytown, DC",Tammy,29,814,141,187.0,77.0,99.0,13,5,11,14,15,,,2019+,False,OTF_Data-2018.mbox,2018-10-24T16:59:15+00:00,
2018-10-25,12:00 PM,"Tenleytown, DC",Tammy,42,951,157,191.0,86.0,99.0,8,3,6,10,32,,,2019+,False,OTF_Data-2018.mbox,2018-10-25T17:00:29+00:00,
2018-10-27,8:05 AM,"Tenleytown, DC",Jenn,35,873,155,189.0,85.0,99.0,3,5,11,14,21,,,2019+,False,OTF_Data-2018.mbox,2018-10-27T13:00:09+00:00,
2018-10-30,12:00 PM,"Tenleytown, DC",Tammy,43,968,162,187.0,89.0,99.0,1,2,11,15,28,,,2019+,False,OTF_Data-2018.mbox,2018-10-30T16:59:39+00:00,
2018-11-02,12:00 PM,"Tenleytown, DC",Jenn,25,832,147,185.0,81.0,99.0,4,9,18,10,15,,,2019+,False,OTF_Data-2018.mbox,2018-11-02T16:58:16+00:00,
2018-11-06,7:15 AM,"Tenleytown, DC",Jenn,28,853,148,181.0,81.0,99.0,3,4,21,17,11,,,2019+,False,OTF_Data-2018.mbox,2018-11-06T13:12:13+00:00,
2018-11-07,12:00 PM,"Tenleytown, DC",Tammy,47,991,165,190.0,91.0,99.0,3,1,6,13,34,,,2019+,False,OTF_Data-2018.mbox,2018-11-07T17:59:24+00:00,
2018-11-09,12:00 PM,"Tenleytown, DC",Jenn,22,797,142,178.0,78.0,98.0,5,8,22,18,4,,,2019+,False,OTF_Data-2018.mbox,2018-11-09T17:58:47+00:00,
2018-11-11,9:30 AM,"Tenleytown, DC",Molly,36,896,157,181.0,86.0,99.0,1,3,14,15,21,,,2019+,False,OTF_Data-2018.mbox,2018-11-11T15:25:17+00:00,
2018-11-13,12:00 PM,"Tenleytown, DC",Tammy,31,829,151,182.0,83.0,99.0,2,5,16,21,10,,,2019+,False,OTF_Data-2018.mbox,2018-11-13T17:58:01+00:00,
2018-11-15,12:00 PM,"Tenleytown, DC",Tammy,32,872,151,182.0,83.0,99.0,1,5,17,22,10,,,2019+,False,OTF_Data-2018.mbox,2018-11-15T17:58:50+00:00,
2018-11-18,9:30 AM,"Tenleytown, DC",Molly,27,878,144,176.0,79.0,97.0,4,10,19,22,5,,,2019+,False,OTF_Data-2018.mbox,2018-11-18T15:32:15+00:00,
2018-11-20,12:00 PM,"Tenleytown, DC",Tammy,20,753,137,184.0,75.0,99.0,8,10,18,12,8,,,2019+,False,OTF_Data-2018.mbox,2018-11-20T17:58:57+00:00,
2018-11-21,10:30 AM,"Tenleytown, DC",Tammy,31,824,149,180.0,82.0,99.0,3,5,14,22,9,,,2019+,False,OTF_Data-2018.mbox,2018-11-21T16:24:57+00:00,
2018-11-24,10:15 AM,"Tenleytown, DC",Tammy,32,878,153,185.0,84.0,99.0,2,4,17,14,18,,,2019+,False,OTF_Data-2018.mbox,2018-11-24T16:13:33+00:00,
2018-11-28,12:00 PM,"Tenleytown, DC",Tammy,21,830,147,185.0,81.0,99.0,2,9,23,11,10,,,2019+,False,OTF_Data-2018.mbox,2018-11-28T17:58:04+00:00,
2018-11-29,12:00 PM,"Tenleytown, DC",Tammy,22,814,148,181.0,81.0,99.0,1,5,26,12,10,,,2019+,False,OTF_Data-2018.mbox,2018-11-29T17:58:23+00:00,
2018-12-01,10:15 AM,"Tenleytown, DC",Kristof,35,893,156,184.0,86.0,99.0,3,2,14,13,22,,,2019+,False,OTF_Data-2018.mbox,2018-12-01T16:13:02+00:00,
2018-12-03,4:30 PM,"Tenleytown, DC",Kristof,26,787,144,186.0,79.0,99.0,5,9,14,17,9,,,2019+,False,OTF_Data-2018.mbox,2018-12-03T22:29:04+00:00,
2018-12-04,12:00 PM,"Tenleytown, DC",Jenn,25,833,145,174.0,80.0,96.0,3,6,24,20,5,,,2019+,False,OTF_Data-2018.mbox,2018-12-04T17:57:52+00:00,
2018-12-08,8:05 AM,"Tenleytown, DC",Jenn,25,852,146,177.0,80.0,97.0,3,8,22,17,8,,,2019+,False,OTF_Data-2018.mbox,2018-12-08T14:03:18+00:00,
2018-12-10,9:15 AM,"Tenleytown, DC",Kristof,20,709,134,177.0,74.0,97.0,13,8,15,13,7,,,2019+,False,OTF_Data-2018.mbox,2018-12-10T15:13:34+00:00,
2018-12-11,12:00 PM,"Tenleytown, DC",Tammy,30,881,154,190.0,85.0,99.0,4,2,19,11,19,,,2019+,False,OTF_Data-2018.mbox,2018-12-11T17:56:46+00:00,
2018-12-13,4:30 PM,"Tenleytown, DC",Jenn,36,832,156,188.0,86.0,99.0,2,5,9,15,21,,,2019+,False,OTF_Data-2018.mbox,2018-12-13T22:23:46+00:00,
2018-12-17,9:15 AM,"Tenleytown, DC",Kristof,20,740,139,178.0,76.0,98.0,6,10,17,17,3,,,2019+,False,OTF_Data-2018.mbox,2018-12-17T15:09:30+00:00,
2018-12-18,4:30 PM,"Tenleytown, DC",Tammy,32,792,152,180.0,84.0,99.0,4,3,11,17,15,,,2019+,False,OTF_Data-2018.mbox,2018-12-18T22:22:52+00:00,
2018-12-20,12:00 PM,"Tenleytown, DC",Tammy,25,849,150,186.0,82.0,99.0,1,6,24,12,13,,,2019+,False,OTF_Data-2018.mbox,2018-12-20T17:58:36+00:00,
2018-12-24,8:15 AM,"Tenleytown, DC",Molly,29,835,148,183.0,81.0,99.0,5,9,12,14,15,,,2019+,False,OTF_Data-2018.mbox,2018-12-24T14:13:38+00:00,
2018-12-26,8:15 AM,"Tenleytown, DC",Tammy,27,826,147,181.0,81.0,99.0,2,7,20,17,10,,,2019+,False,OTF_Data-2018.mbox,2018-12-26T14:13:12+00:00,
2018-12-28,8:15 AM,"Tenleytown, DC",Kristof,23,779,143,177.0,79.0,97.0,4,9,19,15,8,,,2019+,False,OTF_Data-2018.mbox,2018-12-28T14:10:23+00:00,
2018-12-31,12:00 PM,"Tenleytown, DC",Kristof,32,826,148,192.0,81.0,99.0,6,5,12,19,13,,,2019+,False,OTF_Data-2018.mbox,2018-12-31T18:00:19+00:00,
2019-01-03,9:15 AM,"Tenleytown, DC",Jenn,26,801,143,178.0,79.0,98.0,6,9,16,18,8,,,2019+,False,OTF_Data-2019.mbox,2019-01-03T15:15:52+00:00,
2019-01-05,9:10 AM,"Tenleytown, DC",Jenn,34,866,149,186.0,82.0,99.0,5,6,12,15,19,,,2019+,False,OTF_Data-2019.mbox,2019-01-05T15:08:25+00:00,
2019-01-07,4:30 PM,"Tenleytown, DC",Tammy,24,828,146,189.0,80.0,99.0,5,9,18,11,13,,,2019+,False,OTF_Data-2019.mbox,2019-01-07T22:28:34+00:00,
2019-01-09,9:15 AM,"Tenleytown, DC",Tammy,28,774,148,178.0,81.0,98.0,2,8,13,17,11,,,2019+,False,OTF_Data-2019.mbox,2019-01-09T15:08:39+00:00,
2019-01-10,12:00 PM,"Tenleytown, DC",Angie,28,843,148,183.0,81.0,99.0,2,5,20,18,10,,,2019+,False,OTF_Data-2019.mbox,2019-01-10T17:57:33+00:00,
2019-01-12,9:10 AM,"Tenleytown, DC",Jenn,37,921,156,184.0,86.0,99.0,3,5,11,14,23,,,2019+,False,OTF_Data-2019.mbox,2019-01-12T15:13:29+00:00,
2019-01-13,9:10 AM,"Tenleytown, DC",Tammy,27,821,146,179.0,80.0,98.0,4,7,17,21,6,,,2019+,False,OTF_Data-2019.mbox,2019-01-13T15:07:56+00:00,
2019-01-16,12:00 PM,"Tenleytown, DC",Tammy,34,882,153,181.0,84.0,99.0,2,3,16,18,16,,,2019+,False,OTF_Data-2019.mbox,2019-01-16T17:57:12+00:00,
2019-01-17,12:00 PM,"Tenleytown, DC",Jenn,29,816,147,178.0,81.0,98.0,5,6,15,19,10,,,2019+,False,OTF_Data-2019.mbox,2019-01-17T17:57:29+00:00,
2019-01-19,10:15 AM,"Tenleytown, DC",Kristof,23,851,143,179.0,79.0,98.0,4,12,20,15,8,,,2019+,False,OTF_Data-2019.mbox,2019-01-19T16:15:07+00:00,
2019-01-21,4:30 PM,"Tenleytown, DC",Tammy,33,831,148,183.0,81.0,99.0,6,6,10,18,15,,,2019+,False,OTF_Data-2019.mbox,2019-01-21T22:28:02+00:00,
2019-01-22,9:15 AM,"Tenleytown, DC",Molly,24,848,142,180.0,78.0,99.0,7,10,18,12,12,,,2019+,False,OTF_Data-2019.mbox,2019-01-22T15:16:07+00:00,
2019-01-24,8:15 AM,"Tenleytown, DC",Jenn,31,859,152,193.0,84.0,99.0,2,7,14,15,16,,,2019+,False,OTF_Data-2019.mbox,2019-01-24T14:14:40+00:00,
2019-01-26,10:15 AM,"Tenleytown, DC",Molly,34,853,151,182.0,83.0,99.0,6,4,11,16,18,,,2019+,False,OTF_Data-2019.mbox,2019-01-26T16:10:28+00:00,
2019-01-27,10:15 AM,"Tenleytown, DC",Tammy,26,826,145,183.0,80.0,99.0,6,8,16,12,14,,,2019+,False,OTF_Data-2019.mbox,2019-01-27T16:13:10+00:00,
2019-01-29,9:15 AM,"Tenleytown, DC",Molly,22,813,139,180.0,76.0,99.0,7,13,16,13,9,,,2019+,False,OTF_Data-2019.mbox,2019-01-29T15:15:29+00:00,
2019-01-31,8:15 AM,"Tenleytown, DC",Jenn,27,845,146,183.0,80.0,99.0,3,9,18,16,11,,,2019+,False,OTF_Data-2019.mbox,2019-01-31T14:14:35+00:00,
2019-02-02,10:15 AM,"Tenleytown, DC",Kristof,30,807,147,184.0,81.0,99.0,6,5,13,17,13,,,2019+,False,OTF_Data-2019.mbox,2019-02-02T16:13:54+00:00,
2019-02-03,10:15 AM,"Tenleytown, DC",Kristof,24,809,141,184.0,77.0,99.0,8,11,15,10,14,,,2019+,False,OTF_Data-2019.mbox,2019-02-03T16:15:29+00:00,
2019-02-05,10:30 AM,"Tenleytown, DC",Tammy,25,821,146,181.0,80.0,99.0,3,8,19,18,7,,,2019+,False,OTF_Data-2019.mbox,2019-02-05T16:28:29+00:00,
2019-02-07,10:30 AM,"Tenleytown, DC",Kristof,21,793,139,172.0,76.0,95.0,4,13,19,19,2,,,2019+,False,OTF_Data-2019.mbox,2019-02-07T16:28:06+00:00,
2019-02-09,9:10 AM,"Tenleytown, DC",Jenn,25,834,141,180.0,77.0,99.0,6,14,15,15,10,,,2019+,False,OTF_Data-2019.mbox,2019-02-09T15:10:22+00:00,
2019-02-10,9:10 AM,"Tenleytown, DC",Molly,19,768,138,176.0,76.0,97.0,6,15,18,14,5,,,2019+,False,OTF_Data-2019.mbox,2019-02-10T15:08:29+00:00,
2019-02-12,9:15 AM,"Tenleytown, DC",Molly,30,885,147,178.0,81.0,98.0,3,6,20,20,10,,,2019+,False,OTF_Data-2019.mbox,2019-02-12T15:14:38+00:00,
2019-02-13,9:15 AM,"Tenleytown, DC",Tammy,20,769,142,174.0,78.0,96.0,3,9,23,18,2,,,2019+,False,OTF_Data-2019.mbox,2019-02-13T15:13:59+00:00,
2019-02-17,10:15 AM,"Tenleytown, DC",Tammy,28,832,146,184.0,80.0,99.0,5,9,14,11,17,1.0,,2019+,False,OTF_Data-2019.mbox,2019-02-17T16:15:27+00:00,
2019-02-27,4:30 PM,"Tenleytown, DC",Molly,21,776,144,185.0,79.0,99.0,4,10,19,10,11,2.0,,2019+,False,OTF_Data-2019.mbox,2019-02-27T22:28:18+00:00,
2019-02-28,9:15 AM,"Tenleytown, DC",Kristof,22,749,145,177.0,80.0,97.0,4,6,20,15,7,1.0,,2019+,False,OTF_Data-2019.mbox,2019-02-28T15:09:04+00:00,
2019-03-02,10:15 AM,"Tenleytown, DC",Kristof,29,864,145,179.0,80.0,98.0,4,9,16,18,11,2.0,,2019+,False,OTF_Data-2019.mbox,2019-03-02T16:15:15+00:00,
2019-03-04,4:30 PM,"Tenleytown, DC",Tammy,30,847,150,187.0,82.0,99.0,5,4,16,12,18,2.0,,2019+,False,OTF_Data-2019.mbox,2019-03-04T22:29:08+00:00,
2019-03-06,9:15 AM,"Tenleytown, DC",Tammy,26,781,146,178.0,80.0,98.0,4,7,15,16,10,1.0,,2019+,False,OTF_Data-2019.mbox,2019-03-06T15:08:59+00:00,
2019-03-07,9:15 AM,"Tenleytown, DC",Kristof,14,715,130,172.0,71.0,95.0,13,17,14,13,1,2.0,,2019+,False,OTF_Data-2019.mbox,2019-03-07T15:15:47+00:00,
2019-03-11,4:30 PM,"Tenleytown, DC",Tammy,21,795,144,185.0,79.0,99.0,7,9,17,6,15,1.0,,2019+,False,OTF_Data-2019.mbox,2019-03-11T21:27:58+00:00,
2019-03-12,4:30 PM,"Tenleytown, DC",Jack,25,848,144,181.0,80.0,99.0,5,10,18,13,12,2.0,,2019+,False,OTF_Data-2019.mbox,2019-03-12T21:30:46+00:00,
2019-03-14,9:15 AM,"Tenleytown, DC",Tammy,37,902,151,183.0,83.0,99.0,6,4,11,19,18,2.0,,2019+,False,OTF_Data-2019.mbox,2019-03-14T14:16:41+00:00,
2019-03-17,12:30 PM,"Tenleytown, DC",Kristof,27,850,149,182.0,82.0,99.0,1,6,21,15,12,1.0,,2019+,False,OTF_Data-2019.mbox,2019-03-17T17:29:49+00:00,
2019-03-19,9:15 AM,"Tenleytown, DC",Molly,18,773,140,181.0,77.0,99.0,3,11,23,13,5,2.0,,2019+,False,OTF_Data-2019.mbox,2019-03-19T14:13:28+00:00,
2019-03-20,9:15 AM,"Tenleytown, DC",Tammy,24,809,141,176.0,78.0,97.0,7,9,18,14,10,2.0,,2019+,False,OTF_Data-2019.mbox,2019-03-20T14:16:39+00:00,
2019-03-23,10:15 AM,"Tenleytown, DC",Kristof,28,798,148,184.0,82.0,99.0,4,6,15,13,15,1.0,,2019+,False,OTF_Data-2019.mbox,2019-03-23T15:11:13+00:00,
2019-03-23,11:20 AM,"Tenleytown, DC",Kristof,0,0,0,80.0,0.0,44.0,1,0,0,0,0,,,2019+,False,OTF_Data-2019.mbox,2019-03-23T16:17:17+00:00,
2019-03-24,11:20 AM,"Tenleytown, DC",Tammy,22,768,138,181.0,76.0,99.0,8,10,17,16,6,1.0,,2019+,False,OTF_Data-2019.mbox,2019-03-24T16:18:03+00:00,
2019-03-26,4:30 PM,"Tenleytown, DC",Jack,32,899,151,183.0,83.0,99.0,3,7,18,18,14,,,2019+,False,OTF_Data-2019.mbox,2019-03-26T21:32:53+00:00,
2019-03-28,12:00 PM,"Tenleytown, DC",Kristof,21,812,143,177.0,79.0,98.0,2,9,24,18,3,3.0,,2019+,False,OTF_Data-2019.mbox,2019-03-28T17:00:11+00:00,
2019-03-31,6:30 AM,"Tenleytown, DC",Jenn,47,1144,165,198.0,91.0,99.0,1,8,9,1,46,3.0,,2019+,False,OTF_Data-2019.mbox,2019-03-31T11:47:56+00:00,
2019-04-02,12:00 PM,"Tenleytown, DC",Tammy,25,758,141,175.0,78.0,97.0,7,9,14,17,8,2.0,,2019+,False,OTF_Data-2019.mbox,2019-04-02T16:59:22+00:00,
2019-04-04,4:30 PM,"Tenleytown, DC",Jack,24,838,144,188.0,80.0,99.0,10,7,17,3,21,1.0,,2019+,False,OTF_Data-2019.mbox,2019-04-04T21:32:41+00:00,
2019-04-06,8:05 AM,"Tenleytown, DC",Jenn,42,931,156,184.0,86.0,99.0,4,3,8,16,26,1.0,,2019+,False,OTF_Data-2019.mbox,2019-04-06T13:03:35+00:00,
2019-04-07,9:10 AM,"Tenleytown, DC",Molly,26,801,145,186.0,80.0,99.0,5,9,14,13,13,1.0,,2019+,False,OTF_Data-2019.mbox,2019-04-07T14:07:28+00:00,
2019-04-08,9:25 AM,"Tenleytown, DC",Jenn,16,755,143,173.0,79.0,96.0,1,9,27,13,3,2.0,,2019+,False,OTF_Data-2019.mbox,2019-04-08T14:21:26+00:00,
2019-04-10,6:10 AM,"Pasadena, CA",Ralph,30,890,152,189.0,84.0,99.0,1,5,21,14,16,,,2019+,False,OTF_Data-2019.mbox,2019-04-10T14:09:08+00:00,
2019-04-11,8:00 PM,"Pasadena, CA",Cara,24,753,140,174.0,77.0,96.0,7,9,14,19,5,,,2019+,False,OTF_Data-2019.mbox,2019-04-12T03:57:54+00:00,
2019-04-15,8:45 AM,Chicago-River West,Cecily,36,909,154,184.0,85.0,99.0,3,2,16,17,19,,,2019+,False,OTF_Data-2019.mbox,2019-04-15T14:43:21+00:00,
2019-04-21,7:00 AM,"Tenleytown, DC",Molly,20,785,142,179.0,78.0,99.0,4,10,21,12,8,1.0,,2019+,False,OTF_Data-2019.mbox,2019-04-21T11:58:57+00:00,
2019-04-22,12:00 PM,"Tenleytown, DC",Jack,36,880,155,187.0,86.0,99.0,4,3,11,13,23,1.0,,2019+,False,OTF_Data-2019.mbox,2019-04-22T16:55:55+00:00,
2019-04-23,9:25 AM,"Tenleytown, DC",Molly,14,702,136,175.0,75.0,97.0,5,13,20,11,3,,,2019+,False,OTF_Data-2019.mbox,2019-04-23T14:20:42+00:00,
2019-04-26,3:30 PM,"Tenleytown, DC",Jack,27,790,148,182.0,82.0,99.0,2,9,14,14,13,2.0,,2019+,False,OTF_Data-2019.mbox,2019-04-26T20:22:50+00:00,
2019-04-28,9:10 AM,"Tenleytown, DC",Molly,26,804,141,188.0,78.0,99.0,11,12,8,10,16,1.0,,2019+,False,OTF_Data-2019.mbox,2019-04-28T14:08:12+00:00,
2019-04-29,7:15 AM,"Tenleytown, DC",Jenn,25,832,142,176.0,78.0,97.0,6,6,21,19,6,2.0,,2019+,False,OTF_Data-2019.mbox,2019-04-29T12:15:16+00:00,
2019-04-30,7:15 AM,"Tenleytown, DC",Jenn,26,787,144,174.0,80.0,96.0,4,6,18,21,5,1.0,,2019+,False,OTF_Data-2019.mbox,2019-04-30T12:14:12+00:00,
2019-05-02,4:30 PM,"Tenleytown, DC",Jack,22,816,143,191.0,79.0,99.0,3,11,21,15,7,2.0,,2019+,False,OTF_Data-2019.mbox,2019-05-02T21:29:36+00:00,
2019-05-04,12:30 PM,"Tenleytown, DC",Kristof,14,699,133,171.0,73.0,94.0,9,12,20,12,2,2.0,,2019+,False,OTF_Data-2019.mbox,2019-05-04T17:28:34+00:00,
2019-05-05,11:20 AM,"Tenleytown, DC",Jack,18,801,140,178.0,77.0,98.0,5,10,25,12,6,1.0,,2019+,False,OTF_Data-2019.mbox,2019-05-05T16:20:49+00:00,
2019-05-07,8:20 AM,"Tenleytown, DC",Molly,17,788,136,197.0,75.0,99.0,9,15,18,10,7,1.0,,2019+,False,OTF_Data-2019.mbox,2019-05-07T13:20:00+00:00,
2019-05-09,8:20 AM,"Tenleytown, DC",Kristof,15,713,135,177.0,75.0,98.0,6,14,18,12,3,,,2019+,False,OTF_Data-2019.mbox,2019-05-09T13:15:32+00:00,
2019-05-11,10:15 AM,"Tenleytown, DC",Kristof,31,849,153,180.0,85.0,99.0,1,4,18,15,16,2.0,,2019+,False,OTF_Data-2019.mbox,2019-05-11T15:15:32+00:00,
2019-05-12,10:15 AM,"Tenleytown, DC",Jack,20,784,137,183.0,76.0,99.0,9,18,11,7,13,1.0,,2019+,False,OTF_Data-2019.mbox,2019-05-12T15:16:55+00:00,
2019-05-15,8:20 AM,"Tenleytown, DC",Tammy,18,764,139,192.0,77.0,99.0,8,11,18,6,12,2.0,,2019+,False,OTF_Data-2019.mbox,2019-05-15T13:18:35+00:00,
2019-05-16,8:20 AM,"Tenleytown, DC",Kristof,16,747,136,172.0,75.0,95.0,5,13,22,15,1,2.0,,2019+,False,OTF_Data-2019.mbox,2019-05-16T13:17:42+00:00,
2019-05-18,8:05 AM,"Tenleytown, DC",Jenn,24,766,136,191.0,75.0,99.0,14,10,10,9,15,1.0,,2019+,False,OTF_Data-2019.mbox,2019-05-18T13:03:11+00:00,
2019-05-21,8:20 AM,"Tenleytown, DC",Molly,40,930,156,187.0,86.0,99.0,8,1,6,9,31,,,2019+,False,OTF_Data-2019.mbox,2019-05-21T13:17:21+00:00,
2019-05-23,8:20 AM,"Tenleytown, DC",Kristof,37,900,155,184.0,86.0,99.0,2,2,14,18,19,2.0,,2019+,False,OTF_Data-2019.mbox,2019-05-23T13:18:43+00:00,
2019-05-24,10:30 AM,"Tenleytown, DC",Jenn,20,730,133,183.0,73.0,99.0,14,13,9,11,9,,,2019+,False,OTF_Data-2019.mbox,2019-05-24T15:32:13+00:00,
2019-05-27,8:05 AM,"Tenleytown, DC",Jenn,33,892,150,191.0,83.0,99.0,8,2,15,13,20,,,2019+,False,OTF_Data-2019.mbox,2019-05-27T13:04:53+00:00,
2019-05-30,8:20 AM,"Tenleytown, DC",Kristof,18,698,132,175.0,73.0,97.0,11,15,10,13,5,2.0,,2019+,False,OTF_Data-2019.mbox,2019-05-30T13:17:23+00:00,
2019-05-31,8:20 AM,"Tenleytown, DC",Jenn,18,732,134,198.0,74.0,99.0,12,12,15,10,8,1.0,,2019+,False,OTF_Data-2019.mbox,2019-05-31T13:16:26+00:00,
2019-06-02,9:10 AM,"Tenleytown, DC",Molly,15,730,132,174.0,73.0,96.0,12,12,19,12,3,,,2019+,False,OTF_Data-2019.mbox,2019-06-02T14:09:35+00:00,
2019-06-06,10:30 AM,"Tenleytown, DC",Kristof,16,694,131,178.0,72.0,98.0,9,19,10,12,4,1.0,,2019+,False,OTF_Data-2019.mbox,2019-06-06T15:28:00+00:00,
2019-06-08,11:20 AM,"Tenleytown, DC",Kristof,13,737,130,167.0,72.0,92.0,11,12,23,13,0,1.0,,2019+,False,OTF_Data-2019.mbox,2019-06-08T16:22:22+00:00,
2019-06-09,10:15 AM,"Tenleytown, DC",Tammy,23,811,139,179.0,77.0,99.0,8,10,17,17,6,1.0,,2019+,False,OTF_Data-2019.mbox,2019-06-09T15:14:45+00:00,
2019-06-12,7:45 PM,"Tenleytown, DC",Molly,21,790,140,179.0,77.0,99.0,7,9,19,13,8,2.0,,2019+,False,OTF_Data-2019.mbox,2019-06-13T00:46:28+00:00,
2019-06-13,7:15 AM,"Tenleytown, DC",Raye,18,782,140,178.0,77.0,98.0,4,8,25,17,1,1.0,,2019+,False,OTF_Data-2019.mbox,2019-06-13T12:12:01+00:00,
2019-06-28,8:30 AM,"San Francisco - Financial District, CA",Janessa,42,972,162,192.0,,,2,0,12,17,25,4111.0,,2019+,False,OTF_Data-2019.mbox,2019-06-28T16:28:52+00:00,
2019-06-30,9:10 AM,"Tenleytown, DC",Brennan,27,868,147,182.0,81.0,99.0,2,9,20,14,13,,,2019+,False,OTF_Data-2019.mbox,2019-06-30T14:13:02+00:00,
2019-07-01,8:20 AM,"Tenleytown, DC",Brennan,22,740,140,186.0,77.0,99.0,8,8,16,15,7,,,2019+,False,OTF_Data-2019.mbox,2019-07-01T13:14:07+00:00,
2019-07-03,8:20 AM,"Tenleytown, DC",Jack,30,889,151,185.0,83.0,99.0,2,5,19,15,15,,,2019+,False,OTF_Data-2019.mbox,2019-07-03T13:18:25+00:00,
2019-07-04,8:05 AM,"Tenleytown, DC",Kristof,19,739,137,175.0,76.0,97.0,8,7,20,16,3,,,2019+,False,OTF_Data-2019.mbox,2019-07-04T13:02:47+00:00,
2019-07-06,9:10 AM,"Tenleytown, DC",Jack,27,840,142,183.0,78.0,99.0,6,12,14,13,14,,,2019+,False,OTF_Data-2019.mbox,2019-07-06T14:10:15+00:00,
2019-07-07,9:10 AM,"Tenleytown, DC",Brennan,27,823,143,182.0,79.0,99.0,5,9,15,19,8,,,2019+,False,OTF_Data-2019.mbox,2019-07-07T14:07:49+00:00,
2019-07-10,7:15 AM,"Tenleytown, DC",Julie,21,763,136,195.0,75.0,99.0,9,14,13,10,11,,,2019+,False,OTF_Data-2019.mbox,2019-07-10T12:12:50+00:00,
2019-07-11,8:20 AM,"Tenleytown, DC",Kristof,18,767,136,178.0,75.0,98.0,7,12,20,15,3,,,2019+,False,OTF_Data-2019.mbox,2019-07-11T13:18:46+00:00,
2019-07-13,10:15 AM,"Tenleytown, DC",Jack,25,767,146,179.0,81.0,99.0,3,9,15,18,7,,,2019+,False,OTF_Data-2019.mbox,2019-07-13T15:11:51+00:00,
2019-07-14,10:15 AM,"Tenleytown, DC",Jack,21,799,140,182.0,77.0,99.0,6,11,19,12,9,,,2019+,False,OTF_Data-2019.mbox,2019-07-14T15:13:17+00:00,
2019-07-16,8:20 AM,"Tenleytown, DC",Brennan,15,676,127,173.0,70.0,96.0,12,18,10,13,2,,,2019+,False,OTF_Data-2019.mbox,2019-07-16T13:17:01+00:00,
2019-07-17,8:20 AM,"Tenleytown, DC",Raye,24,859,140,188.0,77.0,99.0,6,9,22,18,6,,,2019+,False,OTF_Data-2019.mbox,2019-07-17T13:22:50+00:00,
2019-07-19,8:20 AM,"Tenleytown, DC",Brennan,15,717,134,253.0,74.0,99.0,9,11,20,14,1,,,2019+,False,OTF_Data-2019.mbox,2019-07-19T13:15:24+00:00,
2019-07-21,10:15 AM,"Tenleytown, DC",Jack,21,703,133,181.0,73.0,99.0,17,8,9,14,7,,,2019+,False,OTF_Data-2019.mbox,2019-07-21T15:13:27+00:00,
2019-07-23,8:20 AM,"Tenleytown, DC",Brennan,19,722,135,183.0,75.0,99.0,8,10,17,13,6,,,2019+,False,OTF_Data-2019.mbox,2019-07-23T13:16:26+00:00,
2019-07-24,8:20 AM,"Tenleytown, DC",Raye,14,750,137,174.0,76.0,96.0,5,10,26,13,1,,,2019+,False,OTF_Data-2019.mbox,2019-07-24T13:17:02+00:00,
2019-07-26,8:20 AM,"Tenleytown, DC",Brennan,33,867,146,177.0,81.0,98.0,7,4,14,23,10,,,2019+,False,OTF_Data-2019.mbox,2019-07-26T13:18:49+00:00,
2019-07-28,8:05 AM,"Tenleytown, DC",Brennan,20,781,139,184.0,77.0,99.0,5,10,22,16,4,,,2019+,False,OTF_Data-2019.mbox,2019-07-28T13:02:33+00:00,
2019-07-30,5:30 PM,"Tenleytown, DC",Jack,27,812,144,179.0,80.0,99.0,7,7,15,12,15,,,2019+,False,OTF_Data-2019.mbox,2019-07-30T22:29:05+00:00,
2019-07-31,5:30 PM,"Tenleytown, DC",Kristof,20,727,139,181.0,77.0,99.0,6,9,17,14,6,,,2019+,False,OTF_Data-2019.mbox,2019-07-31T22:23:50+00:00,
2019-08-03,9:10 AM,"Tenleytown, DC",Kristof,18,713,132,179.0,73.0,99.0,14,11,13,13,5,,,2019+,False,OTF_Data-2019.mbox,2019-08-03T14:08:20+00:00,
2019-08-04,9:10 AM,"Tenleytown, DC",Brennan,18,744,135,174.0,75.0,96.0,10,10,18,16,2,,,2019+,False,OTF_Data-2019.mbox,2019-08-04T14:08:30+00:00,
2019-08-06,5:30 PM,"Tenleytown, DC",Jack,15,698,129,178.0,71.0,98.0,15,10,16,12,3,,,2019+,False,OTF_Data-2019.mbox,2019-08-06T22:29:39+00:00,
2019-08-09,8:20 AM,"Tenleytown, DC",Raye,20,768,138,173.0,76.0,96.0,9,4,24,17,3,,,2019+,False,OTF_Data-2019.mbox,2019-08-09T13:17:20+00:00,
2019-08-11,8:15 AM,"Granger, IN",Katie,14,725,134,182.0,74.0,99.0,6,15,20,10,4,,,2019+,False,OTF_Data-2019.mbox,2019-08-11T13:12:25+00:00,
2019-08-13,8:15 AM,"Granger, IN",Katie,21,796,141,181.0,78.0,99.0,6,9,20,13,8,,,2019+,False,OTF_Data-2019.mbox,2019-08-13T13:12:39+00:00,
2019-08-14,8:15 AM,"Granger, IN",Julie,20,740,135,189.0,75.0,99.0,10,13,13,11,9,,,2019+,False,OTF_Data-2019.mbox,2019-08-14T13:13:39+00:00,
2019-08-22,9:15 AM,"Chicago - Logan Square, IL",Mike,24,832,142,183.0,78.0,99.0,3,12,19,16,8,,,2019+,False,OTF_Data-2019.mbox,2019-08-22T15:13:21+00:00,
2019-08-24,8:00 AM,"Chicago - Logan Square, IL",Kendel,17,798,141,178.0,78.0,98.0,3,9,28,14,3,,,2019+,False,OTF_Data-2019.mbox,2019-08-24T13:59:48+00:00,
2019-08-26,4:30 PM,"Tenleytown, DC",Tammy,21,818,140,178.0,77.0,98.0,4,14,19,14,7,,,2019+,False,OTF_Data-2019.mbox,2019-08-26T21:30:25+00:00,
2019-08-28,4:30 PM,"Tenleytown, DC",Kristof,28,837,148,182.0,82.0,99.0,3,4,20,19,9,,,2019+,False,OTF_Data-2019.mbox,2019-08-28T21:27:20+00:00,
2019-08-29,4:30 PM,"Tenleytown, DC",Jack,20,754,143,177.0,79.0,98.0,4,6,22,15,5,,,2019+,False,OTF_Data-2019.mbox,2019-08-29T21:23:21+00:00,
2019-09-01,9:10 AM,"Tenleytown, DC",Jack,15,728,132,174.0,73.0,96.0,14,10,18,12,3,,,2019+,False,OTF_Data-2019.mbox,2019-09-01T14:08:32+00:00,
2019-09-03,4:30 PM,"Tenleytown, DC",Kevin,24,829,144,180.0,80.0,99.0,4,8,21,15,9,,,2019+,False,OTF_Data-2019.mbox,2019-09-03T21:29:23+00:00,
2019-09-05,4:30 PM,"Tenleytown, DC",Jack,14,654,132,180.0,73.0,99.0,10,13,14,9,5,,,2019+,False,OTF_Data-2019.mbox,2019-09-05T21:28:15+00:00,
2019-09-06,8:20 AM,"Tenleytown, DC",Brennan,22,792,138,183.0,76.0,99.0,7,13,16,15,7,,,2019+,False,OTF_Data-2019.mbox,2019-09-06T13:23:03+00:00,
2019-09-08,9:10 AM,"Tenleytown, DC",Jack,13,677,131,171.0,72.0,94.0,11,10,19,12,1,,,2019+,False,OTF_Data-2019.mbox,2019-09-08T14:04:33+00:00,
2019-09-12,8:20 AM,"Tenleytown, DC",Kevin,37,891,150,179.0,83.0,99.0,4,6,11,24,13,,,2019+,False,OTF_Data-2019.mbox,2019-09-12T13:17:53+00:00,
2019-09-13,8:20 AM,"Tenleytown, DC",Brennan,22,763,139,180.0,,,9,12,12,10,12,3716.0,,2019+,False,OTF_Data-2019.mbox,2019-09-13T13:17:27+00:00,
2019-09-13,12:00 PM,"Tenleytown, DC",Brennan,0,20,78,97.0,,,4,0,0,0,0,16.0,,2019+,False,OTF_Data-2019.mbox,2019-09-13T17:00:49+00:00,
2019-09-15,9:10 AM,"Tenleytown, DC",Jack,16,684,135,176.0,75.0,97.0,10,9,17,12,4,,,2019+,False,OTF_Data-2019.mbox,2019-09-15T14:02:50+00:00,
2019-09-17,9:25 AM,"Tenleytown, DC",Tammy,13,665,130,171.0,72.0,94.0,13,11,16,11,2,,,2019+,False,OTF_Data-2019.mbox,2019-09-17T14:23:00+00:00,
2019-09-19,9:25 AM,"Tenleytown, DC",Kevin,26,824,146,179.0,81.0,99.0,2,9,19,18,8,,,2019+,False,OTF_Data-2019.mbox,2019-09-19T14:25:02+00:00,
2019-09-20,8:20 AM,"Tenleytown, DC",Brennan,29,885,150,196.0,83.0,99.0,4,6,18,10,19,,,2019+,False,OTF_Data-2019.mbox,2019-09-20T13:18:24+00:00,
2019-09-22,9:10 AM,"Tenleytown, DC",Jack,23,709,134,184.0,74.0,99.0,16,8,7,15,8,,,2019+,False,OTF_Data-2019.mbox,2019-09-22T14:08:15+00:00,
2019-09-24,12:00 PM,"Tenleytown, DC",Jack,25,804,148,181.0,82.0,99.0,2,4,21,17,8,,,2019+,False,OTF_Data-2019.mbox,2019-09-24T16:53:11+00:00,
2019-09-26,8:20 AM,"Tenleytown, DC",Kevin,4,664,122,163.0,67.0,90.0,17,21,18,4,0,,,2019+,False,OTF_Data-2019.mbox,2019-09-26T13:23:04+00:00,
2019-09-29,6:30 AM,"Tenleytown, DC",Jack,42,928,166,193.0,92.0,99.0,3,3,3,1,41,,,2019+,False,OTF_Data-2019.mbox,2019-09-29T11:37:56+00:00,
2019-10-03,12:00 PM,"Tenleytown, DC",Kevin,12,734,129,173.0,71.0,96.0,14,14,20,10,2,,,2019+,False,OTF_Data-2019.mbox,2019-10-03T17:02:00+00:00,
2019-10-08,4:30 PM,"Tenleytown, DC",Kevin,10,712,133,181.0,73.0,99.0,5,16,24,8,2,,,2019+,False,OTF_Data-2019.mbox,2019-10-08T21:29:17+00:00,
2019-10-10,9:25 AM,"Tenleytown, DC",Kevin,20,778,140,177.0,77.0,98.0,6,12,20,14,6,,,2019+,False,OTF_Data-2019.mbox,2019-10-10T14:28:11+00:00,
2019-10-13,10:15 AM,"Tenleytown, DC",Jack,27,808,143,179.0,79.0,99.0,8,9,12,13,14,,,2019+,False,OTF_Data-2019.mbox,2019-10-13T15:13:48+00:00,
2019-10-15,12:00 PM,"Tenleytown, DC",Tammy,26,837,147,182.0,81.0,99.0,2,3,24,21,5,,,2019+,False,OTF_Data-2019.mbox,2019-10-15T16:56:42+00:00,
2019-10-17,12:00 PM,"Tenleytown, DC",Tammy,23,732,141,184.0,78.0,99.0,9,9,11,10,13,,,2019+,False,OTF_Data-2019.mbox,2019-10-18T15:05:43+00:00,
2019-10-18,8:20 AM,"Tenleytown, DC",Jenn,25,816,144,175.0,80.0,97.0,3,12,16,15,10,,,2019+,False,OTF_Data-2019.mbox,2019-10-18T15:29:26+00:00,
2019-10-21,4:30 PM,"Tenleytown, DC",Tammy,29,853,147,184.0,81.0,99.0,4,8,16,13,16,,,2019+,False,OTF_Data-2019.mbox,2019-10-21T21:29:09+00:00,
2019-10-24,4:30 PM,"Tenleytown, DC",Jack,28,819,148,177.0,82.0,98.0,5,3,18,16,12,,,2019+,False,OTF_Data-2019.mbox,2019-10-24T21:24:43+00:00,
2019-10-26,11:20 AM,"Tenleytown, DC",Angie,22,810,137,176.0,76.0,97.0,11,9,17,14,8,,,2019+,False,OTF_Data-2019.mbox,2019-10-26T16:22:03+00:00,
2019-10-27,11:20 AM,"Tenleytown, DC",Kevin,15,797,137,173.0,76.0,96.0,8,7,28,13,2,,,2019+,False,OTF_Data-2019.mbox,2019-10-27T16:19:27+00:00,
2019-10-29,4:30 PM,"Tenleytown, DC",Angie,22,804,137,185.0,76.0,99.0,15,8,15,7,15,,,2019+,False,OTF_Data-2019.mbox,2019-10-29T21:30:59+00:00,
2019-10-30,10:30 AM,"Tenleytown, DC",Jenn,33,797,151,178.0,83.0,98.0,3,5,11,19,14,,,2019+,False,OTF_Data-2019.mbox,2019-10-30T15:23:13+00:00,
2019-11-02,11:20 AM,"Tenleytown, DC",Angie,15,765,131,173.0,72.0,96.0,13,9,23,12,3,,,2019+,False,OTF_Data-2019.mbox,2019-11-02T16:24:24+00:00,
2019-11-03,11:20 AM,"Tenleytown, DC",Kevin,15,758,135,174.0,75.0,96.0,8,12,23,14,1,,,2019+,False,OTF_Data-2019.mbox,2019-11-03T17:20:54+00:00,
2019-11-04,5:35 PM,"Tenleytown, DC",Angie,19,750,140,175.0,77.0,97.0,5,8,22,16,3,,,2019+,False,OTF_Data-2019.mbox,2019-11-04T23:31:54+00:00,
2019-11-06,4:30 PM,"Tenleytown, DC",Jack,18,729,134,179.0,74.0,99.0,13,15,10,7,11,,,2019+,False,OTF_Data-2019.mbox,2019-11-06T22:28:17+00:00,
2019-11-07,4:30 PM,"Tenleytown, DC",Julie,16,776,132,187.0,73.0,99.0,12,17,15,9,7,,,2019+,False,OTF_Data-2019.mbox,2019-11-07T22:33:15+00:00,
2019-11-13,12:00 PM,"Tenleytown, DC",Julie,26,791,142,179.0,78.0,99.0,6,8,16,18,8,,,2019+,False,OTF_Data-2019.mbox,2019-11-13T18:00:08+00:00,
2019-11-14,4:30 PM,"Tenleytown, DC",Julie,12,740,128,166.0,71.0,92.0,12,17,20,12,0,,,2019+,False,OTF_Data-2019.mbox,2019-11-14T22:32:16+00:00,
2019-11-15,9:25 AM,"Tenleytown, DC",Brennan,26,815,146,177.0,81.0,98.0,4,6,20,13,13,,,2019+,False,OTF_Data-2019.mbox,2019-11-15T15:23:25+00:00,
2019-11-18,4:30 PM,"Tenleytown, DC",Tammy,19,785,141,185.0,78.0,99.0,5,11,21,10,9,,,2019+,False,OTF_Data-2019.mbox,2019-11-18T22:28:46+00:00,
2019-11-20,4:30 PM,"Tenleytown, DC",Jack,21,816,139,181.0,77.0,99.0,5,15,19,15,6,,,2019+,False,OTF_Data-2019.mbox,2019-11-20T22:31:58+00:00,
2019-11-21,4:30 PM,"Tenleytown, DC",Julie,22,792,139,180.0,77.0,99.0,8,5,22,16,6,,,2019+,False,OTF_Data-2019.mbox,2019-11-21T22:33:50+00:00,
2019-11-23,9:10 AM,"Tenleytown, DC",Angie,27,805,148,180.0,82.0,99.0,3,6,18,18,9,,,2019+,False,OTF_Data-2019.mbox,2019-11-23T15:08:10+00:00,
2019-11-24,11:20 AM,"Tenleytown, DC",Kevin,31,860,150,179.0,83.0,99.0,3,5,17,18,13,,,2019+,False,OTF_Data-2019.mbox,2019-11-24T17:16:31+00:00,
2019-11-26,4:30 PM,"Tenleytown, DC",Julie,12,714,127,172.0,70.0,95.0,16,11,21,10,2,,,2019+,False,OTF_Data-2019.mbox,2019-11-26T22:31:44+00:00,
2019-11-27,4:30 PM,"Tenleytown, DC",Jack,23,766,142,178.0,78.0,98.0,6,8,18,15,8,,,2019+,False,OTF_Data-2019.mbox,2019-11-27T22:24:23+00:00,
2019-11-29,9:05 AM,"Tenleytown, DC",Tammy,32,865,147,180.0,81.0,99.0,4,9,13,24,8,,,2019+,False,OTF_Data-2019.mbox,2019-11-29T15:05:18+00:00,
2019-11-30,9:10 AM,"Tenleytown, DC",Angie,10,618,130,163.0,72.0,90.0,11,12,18,10,0,,,2019+,False,OTF_Data-2019.mbox,2019-11-30T15:03:44+00:00,
2019-12-01,11:20 AM,"Tenleytown, DC",Kevin,19,755,133,177.0,73.0,98.0,12,10,17,10,9,,,2019+,False,OTF_Data-2019.mbox,2019-12-01T17:19:40+00:00,
2019-12-03,4:30 PM,"Tenleytown, DC",Jack,27,816,146,183.0,81.0,99.0,4,11,12,14,13,,,2019+,False,OTF_Data-2019.mbox,2019-12-03T22:30:18+00:00,
2019-12-04,8:20 AM,"Tenleytown, DC",Jenn,23,772,139,177.0,77.0,98.0,10,9,14,16,7,,,2019+,False,OTF_Data-2019.mbox,2019-12-04T14:17:11+00:00,
2019-12-06,9:25 AM,"Tenleytown, DC",Jack,21,812,142,183.0,78.0,99.0,8,9,19,7,14,,,2019+,False,OTF_Data-2019.mbox,2019-12-06T15:23:19+00:00,
2019-12-07,9:10 AM,"Tenleytown, DC",Angie,22,817,142,179.0,78.0,99.0,6,7,22,16,6,,,2019+,False,OTF_Data-2019.mbox,2019-12-07T15:08:33+00:00,
2019-12-09,4:30 PM,"Tenleytown, DC",Tammy,26,752,136,178.0,75.0,98.0,16,7,6,12,14,,,2019+,False,OTF_Data-2019.mbox,2019-12-09T22:28:34+00:00,
2019-12-10,4:30 PM,"Tenleytown, DC",Jack,6,715,132,161.0,73.0,89.0,6,15,30,6,0,,,2019+,False,OTF_Data-2019.mbox,2019-12-10T22:28:38+00:00,
2019-12-12,4:30 PM,"Tenleytown, DC",Julie,14,676,133,173.0,73.0,96.0,9,12,18,10,4,,,2019+,False,OTF_Data-2019.mbox,2019-12-12T22:25:09+00:00,
2019-12-14,9:10 AM,"Tenleytown, DC",Angie,12,784,137,169.0,76.0,93.0,5,13,28,11,1,,,2019+,False,OTF_Data-2019.mbox,2019-12-14T15:08:42+00:00,
2019-12-15,9:10 AM,"Tenleytown, DC",Jenn,34,836,147,179.0,81.0,99.0,6,5,12,26,8,,,2019+,False,OTF_Data-2019.mbox,2019-12-15T15:08:19+00:00,
2019-12-17,12:00 PM,"Tenleytown, DC",Tammy,10,683,128,174.0,71.0,96.0,11,15,20,9,1,,,2019+,False,OTF_Data-2019.mbox,2019-12-17T18:00:17+00:00,
2019-12-18,12:00 PM,"Tenleytown, DC",Julie,9,688,126,172.0,70.0,95.0,14,17,18,8,1,,,2019+,False,OTF_Data-2019.mbox,2019-12-18T18:01:20+00:00,
2019-12-20,9:25 AM,"Tenleytown, DC",Jack,25,771,146,180.0,81.0,99.0,4,7,17,13,12,,,2019+,False,OTF_Data-2019.mbox,2019-12-20T15:19:46+00:00,
2019-12-21,11:20 AM,"Tenleytown, DC",Angie,20,821,143,177.0,79.0,98.0,4,6,27,11,9,,,2019+,False,OTF_Data-2019.mbox,2019-12-21T17:18:06+00:00,
2019-12-22,11:20 AM,"Tenleytown, DC",Kevin,16,750,131,170.0,72.0,94.0,10,20,14,14,2,,,2019+,False,OTF_Data-2019.mbox,2019-12-22T17:23:02+00:00,
2019-12-24,9:10 AM,"Tenleytown, DC",Jack,26,844,144,182.0,80.0,99.0,4,11,17,15,11,,,2019+,False,OTF_Data-2019.mbox,2019-12-24T15:09:16+00:00,
2019-12-28,7:00 AM,"Tenleytown, DC",Jack,13,668,127,171.0,70.0,94.0,18,7,18,12,1,,,2019+,False,OTF_Data-2019.mbox,2019-12-28T12:58:24+00:00,
2019-12-29,9:10 AM,"Tenleytown, DC",Jenn,31,845,149,178.0,82.0,98.0,3,5,16,23,8,,,2019+,False,OTF_Data-2019.mbox,2019-12-29T15:08:30+00:00,
2020-01-02,4:30 PM,"Tenleytown, DC",Julie,20,740,137,178.0,76.0,98.0,10,13,14,10,10,,,2019+,False,OTF_Data-2020.mbox,2020-01-02T22:30:32+00:00,
2020-01-03,9:25 AM,"Tenleytown, DC",Jack,21,786,140,176.0,77.0,97.0,6,8,22,17,4,,,2019+,False,OTF_Data-2020.mbox,2020-01-03T15:23:13+00:00,
2020-01-04,1:35 PM,"Tenleytown, DC",Julie,15,815,138,169.0,76.0,93.0,6,8,30,13,2,,,2019+,False,OTF_Data-2020.mbox,2020-01-04T19:37:58+00:00,
2020-01-06,4:30 PM,"Tenleytown, DC",Tammy,23,770,141,181.0,78.0,99.0,8,10,14,8,15,,,2019+,False,OTF_Data-2020.mbox,2020-01-06T22:28:33+00:00,
2020-01-07,4:30 PM,"Tenleytown, DC",Jack,24,770,140,180.0,77.0,99.0,7,7,17,14,10,,,2019+,False,OTF_Data-2020.mbox,2020-01-07T22:28:21+00:00,
2020-01-09,12:00 PM,"Tenleytown, DC",Tammy,14,694,131,169.0,72.0,93.0,10,15,17,13,1,,,2019+,False,OTF_Data-2020.mbox,2020-01-09T17:59:38+00:00,
2020-01-11,9:10 AM,"Tenleytown, DC",Julie,21,857,139,174.0,77.0,96.0,6,11,23,18,3,,,2019+,False,OTF_Data-2020.mbox,2020-01-11T15:13:36+00:00,
2020-01-12,9:10 AM,"Tenleytown, DC",Jenn,28,832,145,180.0,80.0,99.0,6,6,17,17,11,,,2019+,False,OTF_Data-2020.mbox,2020-01-12T15:08:32+00:00,
2020-01-14,12:00 PM,"Tenleytown, DC",Tammy,24,826,144,178.0,80.0,98.0,4,10,18,16,8,,,2019+,False,OTF_Data-2020.mbox,2020-01-14T17:59:59+00:00,
2020-01-15,4:30 PM,"Tenleytown, DC",Tammy,33,863,152,184.0,84.0,99.0,4,2,15,18,15,,,2019+,False,OTF_Data-2020.mbox,2020-01-15T22:29:49+00:00,
2020-01-16,8:20 AM,"Tenleytown, DC",Jenn,23,791,145,181.0,80.0,99.0,6,6,21,17,6,,,2019+,False,OTF_Data-2020.mbox,2020-01-16T14:17:08+00:00,
2020-01-18,9:10 AM,"Tenleytown, DC",Julie,17,743,127,175.0,70.0,97.0,23,9,11,11,6,,,2019+,False,OTF_Data-2020.mbox,2020-01-18T15:13:01+00:00,
2020-01-19,9:10 AM,"Tenleytown, DC",Jenn,29,829,148,175.0,82.0,97.0,2,6,18,20,9,,,2019+,False,OTF_Data-2020.mbox,2020-01-19T15:07:21+00:00,
2020-01-22,9:25 AM,"Tenleytown, DC",Jenn,20,810,143,185.0,79.0,99.0,4,10,23,9,11,,,2019+,False,OTF_Data-2020.mbox,2020-01-22T15:23:04+00:00,
2020-01-23,4:30 PM,"Tenleytown, DC",Kristof,21,786,141,180.0,78.0,99.0,5,9,21,14,7,,,2019+,False,OTF_Data-2020.mbox,2020-01-23T22:28:12+00:00,
2020-01-24,9:25 AM,"Tenleytown, DC",Kristof,22,777,145,176.0,80.0,97.0,5,4,22,17,5,,,2019+,False,OTF_Data-2020.mbox,2020-01-24T15:23:13+00:00,
2020-01-25,9:10 AM,"Tenleytown, DC",Tammy,15,698,131,175.0,72.0,97.0,13,12,14,12,3,,,2019+,False,OTF_Data-2020.mbox,2020-01-25T15:07:01+00:00,
2020-01-28,4:30 PM,"Tenleytown, DC",Jack,23,780,143,182.0,79.0,99.0,6,9,17,8,15,,,2019+,False,OTF_Data-2020.mbox,2020-01-28T22:24:35+00:00,
2020-01-29,4:30 PM,"Tenleytown, DC",Tammy,19,757,135,180.0,75.0,99.0,9,10,19,13,6,,,2019+,False,OTF_Data-2020.mbox,2020-01-29T22:28:40+00:00,
2020-01-30,4:30 PM,"Tenleytown, DC",Jack,10,620,125,170.0,69.0,94.0,18,11,14,9,1,,,2019+,False,OTF_Data-2020.mbox,2020-01-30T22:26:42+00:00,
2020-02-01,9:10 AM,"Tenleytown, DC",Julie,22,821,135,176.0,75.0,97.0,10,15,15,17,5,,,2019+,False,OTF_Data-2020.mbox,2020-02-01T15:12:41+00:00,
2020-02-02,9:10 AM,"Tenleytown, DC",Jenn,16,670,134,176.0,74.0,97.0,13,9,15,12,4,,,2019+,False,OTF_Data-2020.mbox,2020-02-02T15:04:16+00:00,
2020-02-04,9:25 AM,"Tenleytown, DC",Tammy,18,758,141,175.0,78.0,97.0,6,10,21,12,6,,,2019+,False,OTF_Data-2020.mbox,2020-02-04T15:23:04+00:00,
2020-02-05,4:30 PM,"Tenleytown, DC",Tammy,13,693,129,168.0,71.0,93.0,13,12,17,13,0,,,2019+,False,OTF_Data-2020.mbox,2020-02-05T22:29:15+00:00,
2020-02-06,9:25 AM,"Tenleytown, DC",Tammy,13,744,136,185.0,75.0,99.0,7,13,23,8,5,,,2019+,False,OTF_Data-2020.mbox,2020-02-06T15:23:17+00:00,
2020-02-08,9:10 AM,"Tenleytown, DC",Kristof,18,726,135,167.0,75.0,92.0,9,9,18,18,0,,,2019+,False,OTF_Data-2020.mbox,2020-02-08T15:05:49+00:00,
2020-02-11,10:30 AM,"Tenleytown, DC",Tammy,14,723,134,175.0,74.0,97.0,9,11,22,11,3,,,2019+,False,OTF_Data-2020.mbox,2020-02-11T16:29:11+00:00,
2020-02-12,10:30 AM,"Tenleytown, DC",Julie,16,798,137,169.0,76.0,93.0,6,12,25,14,2,,,2019+,False,OTF_Data-2020.mbox,2020-02-12T16:29:47+00:00,
2020-02-13,8:20 AM,"Tenleytown, DC",Jenn,26,766,139,176.0,77.0,97.0,10,9,11,16,10,,,2019+,False,OTF_Data-2020.mbox,2020-02-13T14:16:31+00:00,
2020-02-16,11:20 AM,"Tenleytown, DC",Kristof,22,772,140,185.0,77.0,99.0,8,9,16,10,12,,,2019+,False,OTF_Data-2020.mbox,2020-02-16T17:16:17+00:00,
2020-02-18,4:30 PM,"Tenleytown, DC",Julie,24,816,142,181.0,78.0,99.0,7,8,19,12,12,,,2019+,False,OTF_Data-2020.mbox,2020-02-18T22:29:58+00:00,
2020-02-19,4:30 PM,"Tenleytown, DC",Tammy,13,685,129,173.0,71.0,96.0,14,13,15,11,2,,,2019+,False,OTF_Data-2020.mbox,2020-02-19T22:28:41+00:00,
2020-02-20,4:30 PM,"Tenleytown, DC",Kristof,20,778,141,179.0,78.0,99.0,5,9,21,16,4,,,2019+,False,OTF_Data-2020.mbox,2020-02-20T22:28:43+00:00,
2020-02-22,10:15 AM,"Tenleytown, DC",Julie,16,716,128,179.0,71.0,99.0,15,13,15,13,3,,,2019+,False,OTF_Data-2020.mbox,2020-02-22T16:15:18+00:00,
2020-02-23,9:10 AM,"Tenleytown, DC",Molly,13,680,127,167.0,70.0,92.0,14,17,13,13,0,,,2019+,False,OTF_Data-2018.mbox,2020-02-23T15:08:29+00:00,
2020-02-25,4:30 PM,"Tenleytown, DC",Julie,26,807,145,178.0,80.0,98.0,6,7,17,15,11,,,2019+,False,OTF_Data-2020.mbox,2020-02-25T22:30:23+00:00,
2020-02-26,4:30 PM,"Tenleytown, DC",Tammy,15,723,133,194.0,73.0,99.0,12,14,16,3,12,,,2019+,False,OTF_Data-2020.mbox,2020-02-26T22:29:07+00:00,
2020-02-27,4:30 PM,"Tenleytown, DC",Julie,13,699,129,176.0,71.0,97.0,16,10,17,10,3,,,2019+,False,OTF_Data-2020.mbox,2020-02-27T22:29:20+00:00,
2020-02-29,9:10 AM,"Tenleytown, DC",Julie,17,757,134,181.0,74.0,99.0,8,16,16,13,4,,,2019+,False,OTF_Data-2020.mbox,2020-02-29T15:12:07+00:00,
2020-03-03,12:00 PM,"Tenleytown, DC",Tammy,6,696,130,168.0,72.0,93.0,9,16,25,6,0,,,2019+,False,OTF_Data-2020.mbox,2020-03-03T17:58:14+00:00,
2020-03-04,4:30 PM,"Tenleytown, DC",Tammy,5,634,123,161.0,68.0,89.0,17,13,21,5,0,,,2019+,False,OTF_Data-2020.mbox,2020-03-04T22:28:36+00:00,
2020-03-05,4:30 PM,"Tenleytown, DC",Kristof,25,779,139,179.0,77.0,99.0,11,6,14,11,14,,,2019+,False,OTF_Data-2020.mbox,2020-03-05T22:28:43+00:00,
2020-03-09,4:30 PM,"Tenleytown, DC",Tammy,23,768,140,179.0,77.0,99.0,5,12,16,16,7,,,2019+,False,OTF_Data-2020.mbox,2020-03-09T21:27:20+00:00,
2020-03-10,4:30 PM,"Tenleytown, DC",Julie,18,768,136,176.0,75.0,97.0,8,14,17,13,5,,,2019+,False,OTF_Data-2020.mbox,2020-03-10T21:28:50+00:00,
2020-03-11,4:30 PM,"Tenleytown, DC",Tammy,17,737,136,175.0,75.0,97.0,9,8,21,15,2,,,2019+,False,OTF_Data-2020.mbox,2020-03-11T21:28:21+00:00,Last class before COVID-19 studio closure
2021-05-17,7:15 AM,"Tenleytown, DC",Julie,31,952,152,186.0,84.0,103.0,1,4,24,17,14,,,2019+,False,otf_only.mbox,2021-05-17T12:15:37+00:00,First class back after COVID closure + caution period (432-day gap)
2021-05-19,6:30 PM,"Tenleytown, DC",Joanna,34,861,151,184.0,83.0,102.0,6,3,13,14,20,,,2019+,False,otf_only.mbox,2021-05-19T23:28:03+00:00,
2021-05-22,7:00 AM,"Tenleytown, DC",Joanna,25,684,152,184.0,84.0,102.0,3,1,14,14,11,,,2019+,False,otf_only.mbox,2021-05-22T11:54:58+00:00,
2021-05-24,5:15 PM,"Tenleytown, DC",Katie,14,774,132,185.0,73.0,102.0,14,4,28,10,4,,,2019+,False,otf_only.mbox,2021-05-24T22:18:13+00:00,
2021-05-26,5:15 PM,"Tenleytown, DC",Julie,24,756,141,175.0,78.0,97.0,8,7,15,16,8,,,2019+,False,otf_only.mbox,2021-05-26T22:08:44+00:00,
2021-05-29,8:15 AM,"Tenleytown, DC",Katie,29,876,146,180.0,81.0,99.0,4,8,19,18,11,,,2019+,False,otf_only.mbox,2021-05-29T13:17:04+00:00,
2021-05-31,8:30 AM,"Tenleytown, DC",Julie,38,924,152,184.0,84.0,102.0,5,2,12,21,17,,,2019+,False,otf_only.mbox,2021-05-31T13:31:26+00:00,
2021-06-03,7:10 AM,"Tenleytown, DC",Autria,19,793,141,179.0,78.0,99.0,6,8,23,9,10,,,2019+,False,otf_only.mbox,2021-06-03T12:12:40+00:00,
2021-06-05,9:10 AM,"Tenleytown, DC",Joanna,25,747,135,175.0,,,14,8,9,21,4,4178.0,,2019+,False,otf_only.mbox,2021-06-05T14:08:12+00:00,
2021-06-07,7:10 AM,"Tenleytown, DC",Julie,25,827,146,175.0,81.0,97.0,2,8,21,17,8,,,2019+,False,otf_only.mbox,2021-06-07T12:08:13+00:00,
2021-06-10,8:15 AM,"Tenleytown, DC",Autria,20,835,142,178.0,78.0,98.0,3,8,27,13,7,,,2019+,False,otf_only.mbox,2021-06-10T13:14:59+00:00,
2021-06-12,9:10 AM,"Tenleytown, DC",Joanna,31,868,148,175.0,82.0,97.0,3,6,17,20,11,,,2019+,False,otf_only.mbox,2021-06-12T14:08:15+00:00,
2021-06-14,7:10 AM,"Tenleytown, DC",Julie,18,759,135,184.0,75.0,102.0,9,16,14,10,8,,,2019+,False,otf_only.mbox,2021-06-14T12:09:30+00:00,
2021-06-16,8:15 AM,"Tenleytown, DC",Julie,35,884,152,181.0,84.0,100.0,3,1,17,21,14,,,2019+,False,otf_only.mbox,2021-06-16T13:11:58+00:00,
2021-06-19,9:10 AM,"Tenleytown, DC",Joanna,27,841,147,183.0,81.0,101.0,3,7,18,17,10,,,2019+,False,otf_only.mbox,2021-06-19T14:08:13+00:00,
2021-06-21,7:10 AM,"Tenleytown, DC",Julie,15,795,137,179.0,76.0,99.0,5,14,25,9,6,,,2019+,False,otf_only.mbox,2021-06-21T12:08:45+00:00,
2021-06-23,4:30 PM,"Tenleytown, DC",Joanna,33,859,153,184.0,85.0,102.0,0,4,18,25,8,,,2019+,False,otf_only.mbox,2021-06-23T21:25:10+00:00,
2021-06-24,5:35 PM,"Tenleytown, DC",Joanna,16,718,130,173.0,72.0,96.0,14,15,12,7,9,,,2019+,False,otf_only.mbox,2021-06-24T22:33:34+00:00,
2021-07-05,8:30 AM,"Granger, IN",Julie,33,917,152,182.0,84.0,101.0,1,5,19,18,15,,,2019+,False,otf_only.mbox,2021-07-05T13:28:25+00:00,
2021-07-09,8:25 AM,"Tenleytown, DC",Katie,20,808,138,173.0,76.0,96.0,5,15,20,18,2,,,2019+,False,otf_only.mbox,2021-07-09T13:24:28+00:00,
2021-07-10,9:30 AM,"Tenleytown, DC",Joanna,20,708,135,184.0,75.0,102.0,13,13,8,9,11,,,2019+,False,otf_only.mbox,2021-07-10T14:29:15+00:00,
2021-07-12,7:10 AM,"Tenleytown, DC",Julie,22,804,141,172.0,78.0,95.0,5,8,21,19,3,,,2019+,False,otf_only.mbox,2021-07-12T12:08:37+00:00,
2021-07-14,7:10 AM,"Tenleytown, DC",Katie,19,811,141,173.0,78.0,96.0,4,7,26,17,2,,,2019+,False,otf_only.mbox,2021-07-14T12:07:46+00:00,
2021-07-15,4:15 PM,"Tenleytown, DC",Joanna,33,860,151,176.0,83.0,97.0,3,4,15,26,7,,,2019+,False,otf_only.mbox,2021-07-15T21:14:27+00:00,
2021-07-23,8:25 AM,"Tenleytown, DC",Jackie,36,985,151,187.0,83.0,103.0,2,8,17,22,14,,,2019+,False,otf_only.mbox,2021-07-23T13:31:45+00:00,
2021-07-24,9:30 AM,"Tenleytown, DC",Katie,23,852,142,181.0,78.0,100.0,3,12,20,15,8,,,2019+,False,otf_only.mbox,2021-07-24T14:33:38+00:00,
2021-07-26,7:10 AM,"Tenleytown, DC",Julie,17,839,144,189.0,80.0,104.0,2,11,27,6,11,,,2019+,False,otf_only.mbox,2021-07-26T12:08:15+00:00,
2021-07-28,8:25 AM,"Tenleytown, DC",Julie,31,835,151,181.0,83.0,100.0,2,4,17,19,12,,,2019+,False,otf_only.mbox,2021-07-28T13:24:46+00:00,
2021-07-29,4:15 PM,"Tenleytown, DC",Joanna,33,900,150,178.0,83.0,98.0,3,7,15,17,16,,,2019+,False,otf_only.mbox,2021-07-29T21:14:45+00:00,
2021-08-01,9:30 AM,"Tenleytown, DC",Britnie,27,911,146,174.0,81.0,96.0,3,8,23,19,8,,,2019+,False,otf_only.mbox,2021-08-01T14:31:25+00:00,
2021-08-03,7:10 AM,"Tenleytown, DC",Miles,16,750,140,187.0,77.0,103.0,5,11,22,12,4,,,2019+,False,otf_only.mbox,2021-08-03T12:08:07+00:00,
2021-08-04,7:10 AM,"Tenleytown, DC",Jackie,14,841,138,173.0,76.0,96.0,5,11,30,11,3,,,2019+,False,otf_only.mbox,2021-08-04T12:13:49+00:00,
2021-08-08,8:15 AM,"Tenleytown, DC",Jackie,22,818,143,173.0,79.0,96.0,4,8,23,13,9,,,2019+,False,otf_only.mbox,2021-08-08T13:14:13+00:00,
2021-08-10,7:10 AM,"Tenleytown, DC",Miles,14,762,131,171.0,72.0,94.0,11,15,19,11,3,,,2019+,False,otf_only.mbox,2021-08-10T12:14:11+00:00,
2021-08-11,7:10 AM,"Tenleytown, DC",Jackie,18,807,141,182.0,78.0,101.0,2,12,25,13,5,,,2019+,False,otf_only.mbox,2021-08-11T12:08:54+00:00,
2021-08-13,7:10 AM,"Tenleytown, DC",Jackie,28,900,144,177.0,80.0,98.0,6,7,20,17,11,,,2019+,False,otf_only.mbox,2021-08-13T12:14:45+00:00,
2021-08-15,9:30 AM,"Tenleytown, DC",Genna,15,827,140,175.0,77.0,97.0,3,13,28,10,5,,,2019+,False,otf_only.mbox,2021-08-15T14:33:44+00:00,
2021-08-17,7:10 AM,"Tenleytown, DC",Miles,11,681,134,178.0,74.0,98.0,6,14,21,9,2,,,2019+,False,otf_only.mbox,2021-08-17T12:03:47+00:00,
2021-08-18,7:10 AM,"Tenleytown, DC",Jamel,24,855,143,174.0,79.0,96.0,2,10,22,20,4,,,2019+,False,otf_only.mbox,2021-08-18T12:09:41+00:00,
2021-08-20,7:10 AM,"Tenleytown, DC",Jackie,19,870,142,169.0,78.0,93.0,2,8,31,16,3,,,2019+,False,otf_only.mbox,2021-08-20T12:18:21+00:00,
2021-08-22,8:15 AM,"Tenleytown, DC",Jamel,13,782,138,170.0,76.0,94.0,3,11,29,12,1,,,2019+,False,otf_only.mbox,2021-08-22T13:13:52+00:00,
2021-08-23,7:10 AM,"Tenleytown, DC",Julie,24,847,146,182.0,81.0,101.0,5,6,22,15,9,,,2019+,False,otf_only.mbox,2021-08-23T12:10:06+00:00,
2021-08-25,7:10 AM,"Tenleytown, DC",Jamel,14,745,133,180.0,73.0,99.0,9,16,19,12,2,,,2019+,False,otf_only.mbox,2021-08-25T12:09:11+00:00,
2021-08-27,7:10 AM,"Tenleytown, DC",Jackie,17,725,131,169.0,72.0,93.0,13,14,12,17,0,,,2019+,False,otf_only.mbox,2021-08-27T12:08:11+00:00,
2021-08-29,8:15 AM,"Tenleytown, DC",Jamel,16,729,137,175.0,76.0,97.0,9,8,22,13,3,,,2019+,False,otf_only.mbox,2021-08-29T13:13:30+00:00,
2021-08-31,5:30 PM,"Tenleytown, DC",Joanna,21,870,139,171.0,77.0,94.0,4,13,25,20,1,,,2019+,False,otf_only.mbox,2021-08-31T22:34:03+00:00,
2021-09-01,4:15 PM,"Tenleytown, DC",Joanna,31,845,150,184.0,83.0,102.0,3,5,16,24,7,,,2019+,False,otf_only.mbox,2021-09-01T21:14:53+00:00,
2021-09-03,7:10 AM,"Tenleytown, DC",Genna,42,922,152,179.0,84.0,99.0,4,5,7,24,18,,,2019+,False,otf_only.mbox,2021-09-03T12:09:13+00:00,
2021-09-05,9:30 AM,"Tenleytown, DC",Joanna,22,770,143,174.0,79.0,96.0,3,11,17,19,3,,,2019+,False,otf_only.mbox,2021-09-05T14:30:39+00:00,
2021-09-06,12:10 PM,"Tenleytown, DC",Julie,15,693,134,175.0,74.0,97.0,7,14,17,13,2,,,2019+,False,otf_only.mbox,2021-09-06T17:04:41+00:00,
2021-09-08,4:15 PM,"Tenleytown, DC",Joanna,20,859,146,189.0,81.0,104.0,3,6,28,9,11,,,2019+,False,otf_only.mbox,2021-09-08T21:13:33+00:00,
2021-09-09,8:25 AM,"Tenleytown, DC",Genna,17,758,141,167.0,78.0,92.0,3,10,25,16,1,,,2019+,False,otf_only.mbox,2021-09-09T13:21:18+00:00,
2021-09-11,9:30 AM,"Tenleytown, DC",Genna,23,853,145,174.0,80.0,96.0,2,6,26,19,4,,,2019+,False,otf_only.mbox,2021-09-11T14:34:23+00:00,
2021-09-12,9:30 AM,"Tenleytown, DC",Jackie,17,798,138,168.0,76.0,93.0,7,9,25,16,1,,,2019+,False,otf_only.mbox,2021-09-12T14:33:01+00:00,
2021-09-17,8:25 AM,"Tenleytown, DC",Jackie,16,828,139,174.0,77.0,96.0,4,15,24,11,5,,,2019+,False,otf_only.mbox,2021-09-17T13:27:42+00:00,
2021-09-19,9:30 AM,"Tenleytown, DC",Jackie,14,696,127,176.0,70.0,97.0,19,12,14,12,2,,,2019+,False,otf_only.mbox,2021-09-19T14:29:59+00:00,
2021-09-21,5:30 PM,"Tenleytown, DC",Ennis,22,849,143,181.0,79.0,100.0,4,7,25,10,12,,,2019+,False,otf_only.mbox,2021-09-21T22:31:01+00:00,
2021-09-23,7:10 AM,"Tenleytown, DC",Julie,24,834,141,189.0,78.0,104.0,8,17,9,4,20,,,2019+,False,otf_only.mbox,2021-09-23T12:09:07+00:00,
2021-09-24,8:25 AM,"Tenleytown, DC",Joanna,21,767,139,174.0,77.0,96.0,7,9,18,20,1,,,2019+,False,otf_only.mbox,2021-09-24T13:25:48+00:00,
2021-09-26,9:30 AM,"Tenleytown, DC",Jackie,16,814,132,173.0,73.0,96.0,11,17,20,14,2,,,2019+,False,otf_only.mbox,2021-09-26T14:34:26+00:00,
2021-09-28,8:25 AM,"Tenleytown, DC",Julie,18,708,134,169.0,74.0,93.0,11,8,17,17,1,,,2019+,False,otf_only.mbox,2021-09-28T13:23:20+00:00,
2021-09-29,5:30 PM,"Tenleytown, DC",Joanna,14,740,133,172.0,73.0,95.0,10,14,20,9,5,,,2019+,False,otf_only.mbox,2021-09-29T22:31:06+00:00,
2021-10-01,7:10 AM,"Tenleytown, DC",Melissa,18,841,136,174.0,75.0,96.0,6,18,20,11,7,,,2019+,False,otf_only.mbox,2021-10-01T12:16:13+00:00,
2021-10-03,9:30 AM,"Tenleytown, DC",Jackie,22,784,143,181.0,79.0,100.0,6,8,19,11,11,,,2019+,False,otf_only.mbox,2021-10-03T14:30:10+00:00,
2021-10-05,8:25 AM,"Tenleytown, DC",Miles,26,839,146,183.0,81.0,101.0,2,9,18,20,6,,,2019+,False,otf_only.mbox,2021-10-05T13:23:09+00:00,
2021-10-06,5:30 PM,"Tenleytown, DC",Joanna,15,791,137,169.0,76.0,93.0,5,12,26,14,1,,,2019+,False,otf_only.mbox,2021-10-06T22:33:35+00:00,
2021-10-08,7:10 AM,"Tenleytown, DC",Genna,26,838,148,177.0,82.0,98.0,2,5,22,17,9,,,2019+,False,otf_only.mbox,2021-10-08T12:06:12+00:00,
2021-10-10,9:30 AM,"Tenleytown, DC",Jackie,19,818,136,171.0,75.0,94.0,2,24,16,15,4,,,2019+,False,otf_only.mbox,2021-10-10T14:34:19+00:00,
2021-10-11,5:30 PM,"Tenleytown, DC",Ennis,8,701,126,161.0,,,15,13,23,8,0,2895.0,,2019+,False,otf_only.mbox,2021-10-11T22:31:53+00:00,
2021-10-14,7:10 AM,"Tenleytown, DC",Julie,38,948,147,175.0,81.0,97.0,6,7,13,21,17,,,2019+,False,otf_only.mbox,2021-10-14T12:14:45+00:00,
2021-10-16,9:30 AM,"Tenleytown, DC",Joanna,25,864,143,171.0,79.0,94.0,4,8,22,23,2,,,2019+,False,otf_only.mbox,2021-10-16T14:33:29+00:00,
2021-10-17,9:30 AM,"Tenleytown, DC",Jackie,12,724,128,173.0,71.0,96.0,16,12,17,10,2,,,2019+,False,otf_only.mbox,2021-10-17T14:32:53+00:00,
2021-10-19,8:25 AM,"Tenleytown, DC",Julie,12,759,134,180.0,74.0,99.0,6,14,25,9,3,,,2019+,False,otf_only.mbox,2021-10-19T13:24:21+00:00,
2021-10-21,7:10 AM,"Tenleytown, DC",Julie,25,853,146,173.0,81.0,96.0,2,6,24,23,2,,,2019+,False,otf_only.mbox,2021-10-21T12:09:23+00:00,
2021-10-23,9:30 AM,"Tenleytown, DC",Julie,23,827,146,170.0,81.0,94.0,0,7,26,21,2,,,2019+,False,otf_only.mbox,2021-10-23T14:29:42+00:00,
2021-10-24,9:30 AM,"Tenleytown, DC",Jackie,33,914,149,178.0,82.0,98.0,4,7,15,17,16,,,2019+,False,otf_only.mbox,2021-10-24T14:36:39+00:00,
2021-10-26,8:25 AM,"Tenleytown, DC",Julie,24,739,141,186.0,78.0,103.0,12,11,6,8,16,,,2019+,False,otf_only.mbox,2021-10-26T13:23:32+00:00,
2021-10-27,5:30 PM,"Tenleytown, DC",Joanna,16,733,130,182.0,72.0,101.0,17,14,11,5,11,,,2019+,False,otf_only.mbox,2021-10-27T22:34:03+00:00,
2021-10-29,7:10 AM,"Tenleytown, DC",Genna,19,758,135,174.0,75.0,96.0,7,12,19,17,2,,,2019+,False,otf_only.mbox,2021-10-29T12:09:28+00:00,
2021-10-30,9:30 AM,"Tenleytown, DC",Joanna,26,892,146,175.0,81.0,97.0,2,10,22,17,9,,,2019+,False,otf_only.mbox,2021-10-30T14:32:19+00:00,
2021-11-02,7:10 AM,"Tenleytown, DC",Genna,18,780,134,170.0,74.0,94.0,9,16,17,17,1,,,2019+,False,otf_only.mbox,2021-11-02T12:11:32+00:00,
2021-11-03,8:25 AM,"Tenleytown, DC",Julie,26,726,150,178.0,83.0,98.0,2,4,16,19,7,,,2019+,False,otf_only.mbox,2021-11-03T13:23:05+00:00,
2021-11-05,7:10 AM,"Tenleytown, DC",Genna,16,791,135,169.0,75.0,93.0,6,17,20,13,3,,,2019+,False,otf_only.mbox,2021-11-05T12:12:07+00:00,
2021-11-06,9:30 AM,"Tenleytown, DC",Joanna,19,734,134,183.0,74.0,101.0,12,10,15,7,12,,,2019+,False,otf_only.mbox,2021-11-06T14:30:57+00:00,
2021-11-07,9:30 AM,"Tenleytown, DC",Jackie,15,822,136,175.0,75.0,97.0,8,8,29,13,2,,,2019+,False,otf_only.mbox,2021-11-07T15:33:47+00:00,
2021-11-09,4:15 PM,"Tenleytown, DC",Joanna,22,819,141,172.0,78.0,95.0,4,8,24,19,3,,,2019+,False,otf_only.mbox,2021-11-09T22:16:02+00:00,
2021-11-11,7:10 AM,"Tenleytown, DC",Julie,24,780,139,178.0,77.0,98.0,7,9,16,19,5,,,2019+,False,otf_only.mbox,2021-11-11T13:06:37+00:00,
2021-11-12,7:10 AM,"Tenleytown, DC",Genna,14,776,136,173.0,75.0,96.0,5,12,27,11,3,,,2019+,False,otf_only.mbox,2021-11-12T13:08:37+00:00,
2021-11-14,9:30 AM,"Tenleytown, DC",Roxanne,15,768,138,170.0,76.0,94.0,3,14,24,13,2,,,2019+,False,otf_only.mbox,2021-11-14T15:28:58+00:00,
2021-11-16,5:30 PM,"Tenleytown, DC",Ennis,19,823,139,179.0,77.0,99.0,7,8,24,15,4,,,2019+,False,otf_only.mbox,2021-11-16T23:32:30+00:00,
2021-11-17,8:25 AM,"Tenleytown, DC",Julie,16,757,137,179.0,76.0,99.0,5,16,19,8,8,,,2019+,False,otf_only.mbox,2021-11-17T14:23:34+00:00,
2021-11-19,7:10 AM,"Tenleytown, DC",Genna,7,741,133,164.0,73.0,91.0,6,12,31,7,0,,,2019+,False,otf_only.mbox,2021-11-19T13:08:41+00:00,
2021-11-21,9:30 AM,"Tenleytown, DC",Jackie,21,909,141,170.0,78.0,94.0,3,13,27,17,4,,,2019+,False,otf_only.mbox,2021-11-21T15:36:16+00:00,
2021-11-23,7:10 AM,"Tenleytown, DC",Genna,13,747,133,172.0,73.0,95.0,8,13,23,11,2,,,2019+,False,otf_only.mbox,2021-11-23T13:11:08+00:00,
2021-11-27,9:30 AM,"Tenleytown, DC",Joanna,16,754,131,173.0,72.0,96.0,11,12,20,14,2,,,2019+,False,otf_only.mbox,2021-11-27T15:31:50+00:00,
2021-11-28,7:00 AM,"Tenleytown, DC",Ennis,7,737,130,165.0,72.0,91.0,9,16,27,7,0,,,2019+,False,otf_only.mbox,2021-11-28T12:59:55+00:00,
2021-11-29,5:30 PM,"Tenleytown, DC",Ennis,24,849,143,171.0,79.0,94.0,4,8,24,16,8,,,2019+,False,otf_only.mbox,2021-11-29T23:33:56+00:00,
2021-12-01,5:30 PM,"Tenleytown, DC",Joanna,19,776,141,177.0,78.0,98.0,4,12,21,7,12,,,2019+,False,otf_only.mbox,2021-12-01T23:29:42+00:00,
2021-12-03,7:10 AM,"Tenleytown, DC",Genna,18,805,137,173.0,76.0,96.0,8,8,25,16,2,,,2019+,False,otf_only.mbox,2021-12-03T13:09:56+00:00,
2021-12-04,9:30 AM,"Tenleytown, DC",Joanna,17,763,135,171.0,75.0,94.0,9,12,19,16,1,,,2019+,False,otf_only.mbox,2021-12-04T15:32:30+00:00,
2021-12-06,8:25 AM,"Tenleytown, DC",Julie,26,818,143,171.0,79.0,94.0,3,10,18,22,4,,,2019+,False,otf_only.mbox,2021-12-06T14:22:41+00:00,
2021-12-07,4:15 PM,"Tenleytown, DC",Ennis,13,803,141,176.0,78.0,97.0,2,8,34,9,4,,,2019+,False,otf_only.mbox,2021-12-07T23:05:36+00:00,
2021-12-09,8:25 AM,"Tenleytown, DC",Genna,31,908,147,182.0,81.0,101.0,4,5,20,22,9,,,2019+,False,otf_only.mbox,2021-12-09T14:28:23+00:00,
2021-12-10,7:10 AM,"Tenleytown, DC",Genna,23,834,142,187.0,78.0,103.0,6,6,23,13,10,,,2019+,False,otf_only.mbox,2021-12-10T13:09:04+00:00,
2021-12-12,9:30 AM,"Tenleytown, DC",Jackie,15,763,127,170.0,70.0,94.0,16,17,15,14,1,,,2019+,False,otf_only.mbox,2021-12-12T15:35:27+00:00,
2021-12-15,4:15 PM,"Tenleytown, DC",Joanna,29,770,135,178.0,75.0,98.0,11,6,13,21,8,,,2019+,False,otf_only.mbox,2021-12-15T22:13:47+00:00,
2021-12-20,8:25 AM,"Tenleytown, DC",Joanna,31,876,148,184.0,82.0,102.0,5,2,19,19,12,,,2019+,False,otf_only.mbox,2021-12-20T14:23:23+00:00,
2021-12-21,9:40 AM,"Tenleytown, DC",Joanna,13,719,130,168.0,72.0,93.0,12,9,23,13,0,,,2019+,False,otf_only.mbox,2021-12-21T15:37:57+00:00,
2021-12-28,8:25 AM,"Tenleytown, DC",Julie,29,918,147,181.0,81.0,100.0,3,8,21,20,9,,,2019+,False,otf_only.mbox,2021-12-28T14:28:03+00:00,
2021-12-29,8:25 AM,"Tenleytown, DC",Joanna,25,858,143,177.0,79.0,98.0,3,8,22,19,6,,,2019+,False,otf_only.mbox,2021-12-29T14:27:49+00:00,
2021-12-31,8:15 AM,"Tenleytown, DC",Joanna,22,835,141,178.0,78.0,98.0,3,13,21,19,3,,,2019+,False,otf_only.mbox,2021-12-31T14:14:51+00:00,
2022-01-02,9:30 AM,"Tenleytown, DC",Jackie,21,836,135,181.0,75.0,100.0,12,18,12,8,13,,,2019+,False,otf_only.mbox,2022-01-02T15:33:21+00:00,
2022-01-04,7:10 AM,"Tenleytown, DC",Genna,21,850,140,178.0,77.0,98.0,9,8,22,6,15,,,2019+,False,otf_only.mbox,2022-01-04T13:14:00+00:00,
2022-01-06,8:25 AM,"Tenleytown, DC",Genna,16,782,135,169.0,75.0,93.0,6,14,23,14,2,,,2019+,False,otf_only.mbox,2022-01-06T14:27:39+00:00,
2022-01-07,8:25 AM,"Tenleytown, DC",Joanna,24,879,144,177.0,80.0,98.0,2,11,22,20,4,,,2019+,False,otf_only.mbox,2022-01-08T11:37:53+00:00,
2022-01-09,9:30 AM,"Tenleytown, DC",Jackie,17,829,140,176.0,77.0,97.0,5,9,28,14,3,,,2019+,False,otf_only.mbox,2022-01-09T15:30:46+00:00,
2022-01-11,8:25 AM,"Tenleytown, DC",Julie,29,836,145,172.0,80.0,95.0,3,8,16,24,5,,,2019+,False,otf_only.mbox,2022-01-11T14:22:53+00:00,
2022-01-12,4:15 PM,"Tenleytown, DC",Joanna,17,643,127,174.0,70.0,96.0,21,7,8,13,4,,,2019+,False,otf_only.mbox,2022-01-12T22:14:05+00:00,
2022-01-14,7:10 AM,"Tenleytown, DC",Genna,12,766,134,172.0,74.0,95.0,7,12,27,9,3,,,2019+,False,otf_only.mbox,2022-01-14T13:08:54+00:00,
2022-01-15,9:30 AM,"Tenleytown, DC",Ennis,15,759,134,176.0,74.0,97.0,12,12,20,12,3,,,2019+,False,otf_only.mbox,2022-01-15T15:33:28+00:00,
2022-01-19,4:15 PM,"Tenleytown, DC",Joanna,26,829,146,180.0,81.0,99.0,2,7,20,19,7,,,2019+,False,otf_only.mbox,2022-01-19T22:13:11+00:00,
2022-01-21,7:10 AM,"Tenleytown, DC",Genna,19,751,135,179.0,75.0,99.0,11,10,18,9,10,,,2019+,False,otf_only.mbox,2022-01-21T13:09:09+00:00,
2022-01-23,9:30 AM,"Tenleytown, DC",Jackie,21,786,135,176.0,75.0,97.0,14,8,16,16,5,,,2019+,False,otf_only.mbox,2022-01-23T15:33:03+00:00,Last class before right thumb injury (injured last week of Jan 2022)
2022-03-21,5:30 PM,"Tenleytown, DC",Ennis,25,828,145,180.0,81.0,101.0,4,9,19,8,17,,,2019+,False,otf_only.mbox,2022-03-21T22:29:35+00:00,First class back after thumb injury (57-day gap)
2022-03-25,7:10 AM,"Tenleytown, DC",Genna,25,838,138,178.0,77.0,99.0,9,15,12,11,14,,,2019+,False,otf_only.mbox,2022-03-25T12:13:14+00:00,
2022-03-27,8:15 AM,"Tenleytown, DC",Ennis,28,808,143,176.0,80.0,98.0,3,8,18,21,7,,,2019+,False,otf_only.mbox,2022-03-27T13:14:20+00:00,
2022-03-29,4:15 PM,"Tenleytown, DC",Ennis,26,829,143,180.0,80.0,101.0,4,9,18,14,12,,,2019+,False,otf_only.mbox,2022-03-29T21:13:17+00:00,
2022-03-31,7:10 AM,"Tenleytown, DC",Julie,31,864,149,182.0,83.0,102.0,2,7,17,16,15,,,2019+,False,otf_only.mbox,2022-03-31T12:06:01+00:00,
2022-04-02,9:30 AM,"Tenleytown, DC",Joanna,30,873,144,178.0,80.0,99.0,5,4,20,20,10,,,2019+,False,otf_only.mbox,2022-04-02T14:31:08+00:00,
2022-04-03,9:30 AM,"Tenleytown, DC",Ty,17,775,137,174.0,77.0,97.0,4,13,22,14,3,,,2019+,False,otf_only.mbox,2022-04-03T14:28:19+00:00,
2022-04-05,8:25 AM,"Tenleytown, DC",Julie,21,768,138,176.0,77.0,98.0,8,12,15,11,10,,,2019+,False,otf_only.mbox,2022-04-05T13:25:19+00:00,
2022-04-07,7:10 AM,"Tenleytown, DC",Julie,12,709,127,171.0,71.0,96.0,15,10,22,10,2,,,2019+,False,otf_only.mbox,2022-04-07T12:11:58+00:00,
2022-04-09,9:30 AM,"Tenleytown, DC",Joanna,18,738,129,177.0,72.0,99.0,18,10,14,12,6,,,2019+,False,otf_only.mbox,2022-04-09T14:30:36+00:00,
2022-04-10,9:30 AM,"Tenleytown, DC",Jackie,17,772,131,173.0,73.0,97.0,10,16,17,13,4,,,2019+,False,otf_only.mbox,2022-04-10T14:31:34+00:00,
2022-04-12,7:10 AM,"Tenleytown, DC",Joanna,12,734,134,167.0,75.0,93.0,4,14,26,11,1,,,2019+,False,otf_only.mbox,2022-04-12T12:08:49+00:00,
2022-04-14,7:10 AM,"Tenleytown, DC",Julie,23,790,142,176.0,79.0,98.0,4,9,18,13,10,,,2019+,False,otf_only.mbox,2022-04-14T12:07:57+00:00,
2022-04-16,9:30 AM,"Tenleytown, DC",Joanna,19,748,132,177.0,74.0,99.0,12,9,19,16,3,,,2019+,False,otf_only.mbox,2022-04-16T14:31:51+00:00,
2022-04-17,8:15 AM,"Tenleytown, DC",Ennis,13,703,130,164.0,73.0,92.0,10,14,19,13,0,,,2019+,False,otf_only.mbox,2022-04-17T13:13:40+00:00,
2022-04-19,8:25 AM,"Tenleytown, DC",Julie,20,743,137,170.0,77.0,95.0,5,11,19,18,2,,,2019+,False,otf_only.mbox,2022-04-19T13:23:03+00:00,
2022-04-21,7:10 AM,"Tenleytown, DC",Julie,17,788,137,165.0,77.0,92.0,3,16,23,16,1,,,2019+,False,otf_only.mbox,2022-04-21T12:08:22+00:00,
2022-04-23,9:30 AM,"Tenleytown, DC",Joanna,28,817,139,176.0,78.0,98.0,7,10,15,18,10,,,2019+,False,otf_only.mbox,2022-04-23T14:32:44+00:00,
2022-04-24,9:30 AM,"Tenleytown, DC",Jackie,5,660,119,169.0,66.0,94.0,23,15,18,4,1,,,2019+,False,otf_only.mbox,2022-04-24T14:31:14+00:00,
2022-04-26,7:10 AM,"Tenleytown, DC",Genna,31,863,144,170.0,80.0,95.0,4,7,17,26,5,,,2019+,False,otf_only.mbox,2022-04-26T12:13:03+00:00,
2022-04-28,7:10 AM,"Tenleytown, DC",Julie,20,779,138,186.0,77.0,104.0,6,13,18,12,8,,,2019+,False,otf_only.mbox,2022-04-28T12:08:55+00:00,
2022-04-30,9:30 AM,"Tenleytown, DC",Joanna,10,628,120,170.0,67.0,95.0,23,9,16,9,1,,,2019+,False,otf_only.mbox,2022-04-30T14:30:19+00:00,
2022-05-03,7:10 AM,"Tenleytown, DC",Jackie,18,758,135,175.0,75.0,98.0,9,10,21,14,4,,,2019+,False,otf_only.mbox,2022-05-03T12:12:09+00:00,
2022-05-05,7:10 AM,"Tenleytown, DC",Julie,17,698,126,172.0,70.0,96.0,16,10,15,15,2,,,2019+,False,otf_only.mbox,2022-05-05T12:08:53+00:00,
2022-05-07,9:30 AM,"Tenleytown, DC",Joanna,28,790,145,177.0,81.0,99.0,6,3,17,19,9,,,2019+,False,otf_only.mbox,2022-05-07T14:29:38+00:00,
2022-05-08,8:15 AM,"Tenleytown, DC",Ennis,16,780,134,168.0,75.0,94.0,6,12,24,15,1,,,2019+,False,otf_only.mbox,2022-05-08T13:14:14+00:00,
2022-05-10,4:15 PM,"Tenleytown, DC",Joanna,31,855,148,178.0,83.0,99.0,2,4,19,22,9,,,2019+,False,otf_only.mbox,2022-05-10T21:14:20+00:00,
2022-05-12,7:10 AM,"Tenleytown, DC",Julie,18,722,130,183.0,73.0,102.0,17,13,10,13,5,,,2019+,False,otf_only.mbox,2022-05-12T12:09:20+00:00,
2022-05-14,9:30 AM,"Tenleytown, DC",Joanna,25,890,141,174.0,79.0,97.0,4,10,24,19,6,,,2019+,False,otf_only.mbox,2022-05-14T14:33:16+00:00,
2022-05-15,9:30 AM,"Tenleytown, DC",Jackie,13,779,130,170.0,73.0,95.0,10,16,23,11,2,,,2019+,False,otf_only.mbox,2022-05-15T14:32:32+00:00,
2022-05-17,7:10 AM,"Tenleytown, DC",Jackie,10,713,131,178.0,73.0,99.0,6,13,26,8,2,,,2019+,False,otf_only.mbox,2022-05-17T12:08:24+00:00,
2022-05-19,7:10 AM,"Tenleytown, DC",Genna,16,720,128,171.0,72.0,96.0,14,12,16,14,2,,,2019+,False,otf_only.mbox,2022-05-19T12:08:29+00:00,
2022-05-21,9:30 AM,"Tenleytown, DC",Joanna,22,895,138,172.0,77.0,96.0,6,11,26,18,4,,,2019+,False,otf_only.mbox,2022-05-21T14:35:50+00:00,
2022-05-22,9:30 AM,"Tenleytown, DC",Jackie,19,751,129,175.0,72.0,98.0,17,12,12,10,9,,,2019+,False,otf_only.mbox,2022-05-22T14:30:50+00:00,
2022-05-24,8:25 AM,"Tenleytown, DC",Julie,17,695,126,172.0,70.0,96.0,20,11,11,13,4,,,2019+,False,otf_only.mbox,2022-05-24T13:27:57+00:00,
2022-05-26,7:10 AM,"Tenleytown, DC",Julie,30,830,142,175.0,79.0,98.0,7,7,13,21,9,,,2019+,False,otf_only.mbox,2022-05-26T12:08:52+00:00,
2022-05-28,9:30 AM,"Tenleytown, DC",Genna,33,889,142,173.0,79.0,97.0,6,7,16,23,10,,,2019+,False,otf_only.mbox,2022-05-28T14:32:12+00:00,
2022-05-30,9:30 AM,"Tenleytown, DC",Julie,25,739,138,176.0,77.0,98.0,11,11,8,12,13,,,2019+,False,otf_only.mbox,2022-05-30T14:29:06+00:00,
2022-06-02,6:45 PM,"Tenleytown, DC",Genna,17,745,132,166.0,74.0,93.0,9,13,19,16,1,,,2019+,False,otf_only.mbox,2022-06-02T23:44:24+00:00,
2022-06-04,9:30 AM,"Tenleytown, DC",Jackie,9,708,124,184.0,69.0,103.0,15,19,17,6,3,,,2019+,False,otf_only.mbox,2022-06-04T14:30:56+00:00,
2022-06-05,9:30 AM,"Tenleytown, DC",Jackie,15,770,131,172.0,73.0,96.0,10,14,22,14,1,,,2019+,False,otf_only.mbox,2022-06-05T14:31:26+00:00,
2022-06-07,8:25 AM,"Tenleytown, DC",Roxanne,15,729,137,172.0,77.0,96.0,4,13,22,12,3,,,2019+,False,otf_only.mbox,2022-06-07T13:22:54+00:00,
2022-06-09,7:10 AM,"Tenleytown, DC",Julie,15,685,128,177.0,72.0,99.0,15,19,8,2,13,,,2019+,False,otf_only.mbox,2022-06-09T12:09:39+00:00,
2022-06-16,7:10 AM,"Tenleytown, DC",Julie,12,660,125,173.0,70.0,97.0,17,13,14,9,3,,,2019+,False,otf_only.mbox,2022-06-16T12:07:01+00:00,
2022-06-18,9:30 AM,"Tenleytown, DC",Joanna,15,775,130,170.0,73.0,95.0,11,16,19,12,3,,,2019+,False,otf_only.mbox,2022-06-18T14:32:29+00:00,
2022-06-19,8:15 AM,"Tenleytown, DC",Ennis,13,662,128,171.0,72.0,96.0,11,12,19,12,1,,,2019+,False,otf_only.mbox,2022-06-19T13:13:56+00:00,
2022-06-21,5:30 PM,"Tenleytown, DC",Joanna,29,826,146,177.0,82.0,99.0,3,6,18,17,12,,,2019+,False,otf_only.mbox,2022-06-21T22:28:12+00:00,
2022-06-23,5:30 PM,"Tenleytown, DC",Joanna,15,780,133,171.0,74.0,96.0,6,17,22,14,1,,,2019+,False,otf_only.mbox,2022-06-23T22:31:15+00:00,
2022-06-29,7:10 AM,"Tenleytown, DC",Jackie,26,836,141,178.0,79.0,99.0,5,9,19,17,9,,,2019+,False,otf_only.mbox,2022-06-29T12:10:13+00:00,
2022-07-02,9:30 AM,"Tenleytown, DC",Joanna,21,739,138,181.0,77.0,101.0,7,9,17,15,6,,,2019+,False,otf_only.mbox,2022-07-02T14:28:56+00:00,
2022-07-03,9:30 AM,"Tenleytown, DC",Jackie,16,784,136,166.0,76.0,93.0,6,11,25,16,0,,,2019+,False,otf_only.mbox,2022-07-03T14:29:40+00:00,
2022-07-05,7:10 AM,"Tenleytown, DC",Genna,17,804,136,176.0,76.0,98.0,4,13,25,14,3,,,2019+,False,otf_only.mbox,2022-07-05T12:09:55+00:00,
2022-07-07,5:30 PM,"Tenleytown, DC",Joanna,12,690,120,161.0,67.0,90.0,21,8,21,12,0,,,2019+,False,otf_only.mbox,2022-07-07T22:32:25+00:00,
2022-07-09,9:30 AM,"Tenleytown, DC",Joanna,32,917,146,176.0,82.0,98.0,3,7,19,22,10,,,2019+,False,otf_only.mbox,2022-07-09T14:32:48+00:00,
2022-07-11,5:30 PM,"Tenleytown, DC",Joanna,5,580,115,160.0,64.0,89.0,22,12,18,5,0,,,2019+,False,otf_only.mbox,2022-07-11T22:28:13+00:00,
2022-07-13,7:10 AM,"Tenleytown, DC",Jackie,15,753,131,172.0,73.0,96.0,8,15,22,10,5,,,2019+,False,otf_only.mbox,2022-07-13T12:10:23+00:00,
2022-07-15,7:10 AM,"Tenleytown, DC",Genna,18,709,133,171.0,74.0,96.0,8,15,14,14,4,,,2019+,False,otf_only.mbox,2022-07-15T12:08:30+00:00,
2022-07-24,9:30 AM,"Tenleytown, DC",Joanna,14,757,129,169.0,72.0,94.0,15,10,22,12,2,,,2019+,False,otf_only.mbox,2022-07-24T14:32:36+00:00,
2022-07-26,7:10 AM,"Tenleytown, DC",Joanna,19,768,134,171.0,75.0,96.0,9,11,20,14,5,,,2019+,False,otf_only.mbox,2022-07-26T12:08:26+00:00,
2022-07-28,7:10 AM,"Tenleytown, DC",Julie,12,688,129,167.0,72.0,93.0,10,14,19,11,1,,,2019+,False,otf_only.mbox,2022-07-28T12:06:53+00:00,
2022-07-30,9:30 AM,"Tenleytown, DC",Joanna,29,814,148,183.0,83.0,102.0,2,7,16,16,13,,,2019+,False,otf_only.mbox,2022-07-30T14:28:19+00:00,
2022-07-31,9:30 AM,"Tenleytown, DC",Jackie,14,740,128,175.0,72.0,98.0,13,17,16,12,2,,,2019+,False,otf_only.mbox,2022-07-31T14:31:15+00:00,
2022-08-02,7:10 AM,"Tenleytown, DC",Joanna,24,757,137,175.0,77.0,98.0,9,11,12,16,8,,,2019+,False,otf_only.mbox,2022-08-02T12:09:38+00:00,
2022-08-04,7:10 AM,"Tenleytown, DC",Julie,8,692,126,182.0,70.0,102.0,13,17,19,4,4,,,2019+,False,otf_only.mbox,2022-08-04T12:08:35+00:00,
2022-08-21,9:30 AM,"Tenleytown, DC",Ennis,15,727,134,178.0,73.0,97.0,12,9,19,13,2,,,2019+,False,otf_only.mbox,2022-08-21T14:28:41+00:00,
2022-08-23,7:10 AM,"Tenleytown, DC",Genna,19,752,134,180.0,73.0,98.0,14,10,14,14,5,,,2019+,False,otf_only.mbox,2022-08-23T12:08:11+00:00,
2022-08-25,7:10 AM,"Tenleytown, DC",Julie,21,848,143,180.0,78.0,98.0,3,9,24,14,7,,,2019+,False,otf_only.mbox,2022-08-25T12:08:11+00:00,
2022-08-27,9:30 AM,"Tenleytown, DC",Joanna,20,791,137,185.0,74.0,101.0,15,13,10,8,12,,,2019+,False,otf_only.mbox,2022-08-27T14:32:14+00:00,
2022-08-28,9:30 AM,"Tenleytown, DC",Jackie,14,773,134,179.0,73.0,97.0,12,14,19,8,6,,,2019+,False,otf_only.mbox,2022-08-28T14:30:16+00:00,
2022-08-30,4:15 PM,"Tenleytown, DC",Miles,13,782,139,180.0,76.0,98.0,4,15,24,9,4,,,2019+,False,otf_only.mbox,2022-08-30T21:12:51+00:00,
2022-09-03,8:15 AM,"Tenleytown, DC",Genna,13,816,135,177.0,73.0,96.0,7,21,20,12,1,,,2019+,False,otf_only.mbox,2022-09-03T13:16:37+00:00,
2022-09-04,8:15 AM,"Tenleytown, DC",Ennis,16,719,131,171.0,72.0,93.0,11,12,18,16,0,,,2019+,False,otf_only.mbox,2022-09-04T13:12:53+00:00,
2022-09-06,4:15 PM,"Tenleytown, DC",Miles,32,852,149,183.0,81.0,100.0,4,5,14,24,8,,,2019+,False,otf_only.mbox,2022-09-06T21:12:51+00:00,
2022-09-08,7:10 AM,"Tenleytown, DC",Julie,25,841,144,175.0,79.0,96.0,5,7,20,20,5,,,2019+,False,otf_only.mbox,2022-09-08T12:07:55+00:00,
2022-09-10,8:15 AM,"Tenleytown, DC",Joanna,14,710,127,174.0,69.0,95.0,18,14,13,13,1,,,2019+,False,otf_only.mbox,2022-09-10T13:15:07+00:00,
2022-09-11,8:15 AM,"Tenleytown, DC",Ennis,4,675,123,157.0,67.0,86.0,18,14,22,4,0,,,2019+,False,otf_only.mbox,2022-09-11T13:13:43+00:00,
2022-09-13,7:10 AM,"Tenleytown, DC",Genna,30,842,150,174.0,82.0,95.0,3,5,19,22,8,,,2019+,False,otf_only.mbox,2022-09-13T12:12:47+00:00,
2022-09-15,7:10 AM,"Tenleytown, DC",Julie,14,674,125,178.0,68.0,97.0,18,12,13,8,6,,,2019+,False,otf_only.mbox,2022-09-15T12:07:53+00:00,
2022-09-17,8:15 AM,"Tenleytown, DC",Joanna,16,796,139,175.0,76.0,96.0,4,17,21,15,1,,,2019+,False,otf_only.mbox,2022-09-17T13:14:57+00:00,
2022-09-18,8:15 AM,"Tenleytown, DC",Ennis,10,737,131,178.0,71.0,96.0,16,10,22,9,1,,,2019+,False,otf_only.mbox,2022-09-18T13:12:57+00:00,
2022-09-20,7:10 AM,"Tenleytown, DC",Genna,18,809,138,180.0,75.0,98.0,8,12,21,14,4,,,2019+,False,otf_only.mbox,2022-09-20T12:08:45+00:00,
2022-09-22,7:10 AM,"Tenleytown, DC",Julie,26,825,143,175.0,78.0,95.0,8,9,15,18,8,,,2019+,False,otf_only.mbox,2022-09-22T12:12:48+00:00,
2022-09-24,8:15 AM,"Tenleytown, DC",Joanna,18,755,134,176.0,73.0,96.0,14,6,20,11,7,,,2019+,False,otf_only.mbox,2022-09-24T13:13:41+00:00,
2022-09-25,8:15 AM,"Tenleytown, DC",Ennis,8,679,125,174.0,68.0,95.0,20,12,17,7,1,,,2019+,False,otf_only.mbox,2022-09-25T13:13:43+00:00,
2022-09-27,7:10 AM,"Tenleytown, DC",Genna,15,763,136,169.0,74.0,92.0,7,14,21,15,0,,,2019+,False,otf_only.mbox,2022-09-27T12:12:45+00:00,
2022-09-29,7:10 AM,"Tenleytown, DC",Travis,13,760,138,173.0,75.0,94.0,7,10,24,13,0,,,2019+,False,otf_only.mbox,2022-09-29T12:07:51+00:00,
2022-10-01,8:15 AM,"Tenleytown, DC",Ennis,16,774,136,178.0,74.0,97.0,9,17,17,10,6,,,2019+,False,otf_only.mbox,2022-10-01T13:15:01+00:00,
2022-10-06,7:10 AM,"Tenleytown, DC",Julie,8,680,126,171.0,68.0,93.0,15,19,16,7,1,,,2019+,False,otf_only.mbox,2022-10-06T12:07:55+00:00,
2022-10-08,8:15 AM,"Tenleytown, DC",Joanna,10,823,140,172.0,76.0,93.0,4,7,38,10,0,,,2019+,False,otf_only.mbox,2022-10-08T13:14:02+00:00,
2022-10-09,8:15 AM,"Tenleytown, DC",Joanna,13,688,126,182.0,68.0,98.0,20,15,9,9,4,,,2019+,False,otf_only.mbox,2022-10-09T13:12:58+00:00,
2022-10-11,7:10 AM,"Tenleytown, DC",Genna,14,756,137,177.0,74.0,96.0,7,11,22,13,1,,,2019+,False,otf_only.mbox,2022-10-11T12:07:55+00:00,
2022-10-13,7:10 AM,"Tenleytown, DC",Julie,22,858,146,180.0,79.0,98.0,3,6,26,14,8,,,2019+,False,otf_only.mbox,2022-10-13T12:12:49+00:00,
2022-10-15,8:15 AM,"Tenleytown, DC",Nick,24,879,147,180.0,79.0,97.0,1,8,25,19,5,,,2019+,False,otf_only.mbox,2022-10-15T13:14:02+00:00,
2022-10-16,8:15 AM,"Tenleytown, DC",Travis,10,758,137,166.0,74.0,90.0,5,11,29,10,0,,,2019+,False,otf_only.mbox,2022-10-16T13:12:55+00:00,
2022-10-18,8:25 AM,"Tenleytown, DC",Julie,21,833,145,173.0,78.0,94.0,2,10,22,19,2,,,2019+,False,otf_only.mbox,2022-10-18T13:22:46+00:00,
2022-10-20,7:10 AM,"Tenleytown, DC",Julie,13,662,128,176.0,69.0,95.0,21,10,11,10,3,,,2019+,False,otf_only.mbox,2022-10-20T12:07:53+00:00,
2022-10-22,8:15 AM,"Tenleytown, DC",Joanna,23,848,143,183.0,78.0,99.0,8,8,21,15,8,,,2019+,False,otf_only.mbox,2022-10-22T13:14:34+00:00,
2022-10-23,8:15 AM,"Tenleytown, DC",Travis,17,690,128,177.0,,,22,8,9,12,5,3162.0,,2019+,False,otf_only.mbox,2022-10-23T13:13:00+00:00,
2022-10-25,4:15 PM,"Tenleytown, DC",Joanna,23,905,142,182.0,77.0,99.0,5,10,24,14,9,,,2019+,False,otf_only.mbox,2022-10-26T09:12:50+00:00,
2022-10-27,4:15 PM,"Tenleytown, DC",Genna,12,726,126,178.0,68.0,97.0,15,22,12,9,3,,,2019+,False,otf_only.mbox,2022-10-27T21:16:31+00:00,
2022-10-29,8:15 AM,"Tenleytown, DC",Joanna,21,902,140,178.0,76.0,97.0,4,16,22,18,3,,,2019+,False,otf_only.mbox,2022-10-29T13:22:50+00:00,
2022-10-30,8:15 AM,"Tenleytown, DC",Travis,9,718,128,173.0,69.0,94.0,16,10,22,8,1,,,2019+,False,otf_only.mbox,2022-10-30T13:13:19+00:00,
2022-11-02,7:10 AM,"Tenleytown, DC",Travis,19,783,144,175.0,78.0,95.0,4,9,22,16,3,,,2019+,False,otf_only.mbox,2022-11-02T12:07:56+00:00,
2022-11-03,4:15 PM,"Tenleytown, DC",Genna,17,845,138,179.0,75.0,97.0,6,9,28,14,3,,,2019+,False,otf_only.mbox,2022-11-03T21:17:02+00:00,
2022-11-06,8:15 AM,"Tenleytown, DC",Nick,12,711,136,170.0,74.0,92.0,7,15,19,12,0,,,2019+,False,otf_only.mbox,2022-11-06T14:12:51+00:00,
2022-11-08,5:30 PM,"Tenleytown, DC",Joanna,28,856,152,184.0,83.0,100.0,3,2,21,16,12,,,2019+,False,otf_only.mbox,2022-11-08T23:27:52+00:00,
2022-11-10,7:10 AM,"Tenleytown, DC",Julie,8,706,132,173.0,71.0,94.0,10,12,25,8,0,,,2019+,False,otf_only.mbox,2022-11-10T13:07:50+00:00,
2022-11-12,8:15 AM,"Tenleytown, DC",Joanna,16,686,131,174.0,71.0,94.0,19,10,9,10,6,,,2019+,False,otf_only.mbox,2022-11-12T14:13:09+00:00,
2022-11-13,8:15 AM,"Tenleytown, DC",Travis,21,812,144,180.0,78.0,98.0,3,10,21,16,5,,,2019+,False,otf_only.mbox,2022-11-13T14:12:58+00:00,
2022-11-15,5:30 PM,"Tenleytown, DC",Joanna,21,778,142,183.0,77.0,99.0,6,7,20,16,5,,,2019+,False,otf_only.mbox,2022-11-15T23:23:52+00:00,
2022-11-17,7:10 AM,"Tenleytown, DC",Julie,15,802,137,181.0,74.0,98.0,8,16,19,11,4,,,2019+,False,otf_only.mbox,2022-11-17T13:12:52+00:00,
2022-11-19,7:00 AM,"Tenleytown, DC",Julie,6,643,123,169.0,66.0,91.0,22,15,13,6,0,,,2019+,False,otf_only.mbox,2022-11-19T12:59:24+00:00,
2022-11-22,7:10 AM,"Tenleytown, DC",Genna,12,724,134,179.0,72.0,97.0,12,12,21,9,3,,,2019+,False,otf_only.mbox,2022-11-22T13:07:52+00:00,
2022-11-24,7:00 AM,"Tenleytown, DC",Julie,13,776,136,180.0,74.0,97.0,10,12,22,10,3,,,2019+,False,otf_only.mbox,2022-11-24T13:01:04+00:00,
2022-11-26,8:15 AM,"Tenleytown, DC",Joanna,11,680,124,171.0,67.0,92.0,16,14,18,10,1,,,2019+,False,otf_only.mbox,2022-11-26T14:14:09+00:00,
2022-11-27,8:15 AM,"Tenleytown, DC",Travis,17,714,131,178.0,71.0,96.0,17,14,9,10,7,,,2019+,False,otf_only.mbox,2022-11-27T14:12:59+00:00,
2022-12-01,7:10 AM,"Tenleytown, DC",Julie,14,668,123,181.0,66.0,98.0,23,12,9,11,3,,,2019+,False,otf_only.mbox,2022-12-01T13:08:42+00:00,
2022-12-03,8:15 AM,"Tenleytown, DC",Joanna,19,794,139,174.0,75.0,94.0,7,11,20,17,2,,,2019+,False,otf_only.mbox,2022-12-03T14:12:59+00:00,
2022-12-04,8:15 AM,"Tenleytown, DC",Travis,24,848,146,181.0,79.0,98.0,3,10,19,16,8,,,2019+,False,otf_only.mbox,2022-12-04T14:12:55+00:00,
2022-12-06,4:15 PM,"Tenleytown, DC",Joanna,15,762,138,178.0,75.0,96.0,5,17,17,10,5,,,2019+,False,otf_only.mbox,2022-12-06T22:13:00+00:00,
2022-12-08,4:15 PM,"Tenleytown, DC",Genna,16,809,137,181.0,74.0,98.0,8,18,19,14,2,,,2019+,False,otf_only.mbox,2022-12-08T22:17:51+00:00,
2022-12-10,9:30 AM,"Tenleytown, DC",Joanna,29,841,146,183.0,79.0,99.0,8,5,14,19,10,,,2019+,False,otf_only.mbox,2022-12-10T15:31:25+00:00,
2022-12-11,8:15 AM,"Tenleytown, DC",Travis,8,736,131,175.0,71.0,95.0,15,10,25,7,1,,,2019+,False,otf_only.mbox,2022-12-11T14:13:12+00:00,
2022-12-13,7:10 AM,"Tenleytown, DC",Genna,13,766,132,180.0,71.0,97.0,14,15,18,9,4,,,2019+,False,otf_only.mbox,2022-12-13T13:13:30+00:00,
2022-12-15,7:10 AM,"Tenleytown, DC",Julie,8,648,122,189.0,66.0,102.0,19,19,13,2,6,,,2019+,False,otf_only.mbox,2022-12-15T13:09:20+00:00,
2022-12-17,9:30 AM,"Tenleytown, DC",Joanna,13,705,133,184.0,72.0,99.0,16,7,17,7,6,,,2019+,False,otf_only.mbox,2022-12-17T15:28:09+00:00,
2022-12-20,7:10 AM,"Tenleytown, DC",Genna,22,895,146,188.0,,,4,9,25,13,9,4179.0,,2019+,False,otf_only.mbox,2022-12-20T13:09:24+00:00,
2022-12-22,8:25 AM,"Tenleytown, DC",Anna,33,881,152,177.0,82.0,96.0,3,4,17,30,3,,,2019+,False,otf_only.mbox,2022-12-22T14:23:04+00:00,
2022-12-24,8:15 AM,"Tenleytown, DC",Joanna,15,801,140,180.0,74.0,95.0,11,10,24,11,4,,,2019+,False,otf_only.mbox,2022-12-24T14:15:58+00:00,
2022-12-29,7:10 AM,"Tenleytown, DC",Julie,29,906,148,175.0,80.0,94.0,4,6,20,28,1,,,2019+,False,otf_only.mbox,2022-12-29T13:12:52+00:00,
2022-12-31,8:15 AM,"Tenleytown, DC",Joanna,13,709,130,171.0,70.0,92.0,19,8,17,13,0,,,2019+,False,otf_only.mbox,2022-12-31T14:13:09+00:00,
2023-01-01,9:30 AM,"Tenleytown, DC",Genna,18,812,141,178.0,76.0,96.0,8,12,19,12,6,,,2019+,False,otf_only.mbox,2023-01-01T15:28:05+00:00,
2023-01-03,5:30 PM,"Tenleytown, DC",Joanna,16,789,133,175.0,70.0,93.0,15,15,15,15,1,,,2019+,False,otf_only.mbox,2023-01-03T23:31:03+00:00,
2023-01-05,7:10 AM,"Tenleytown, DC",Julie,15,796,135,180.0,73.0,97.0,12,15,18,10,5,,,2019+,False,otf_only.mbox,2023-01-05T13:09:51+00:00,
2023-01-07,8:15 AM,"Tenleytown, DC",Joanna,3,668,122,172.0,65.0,92.0,23,11,21,3,0,,,2019+,False,otf_only.mbox,2023-01-07T14:15:11+00:00,
2023-01-10,7:10 AM,"Tenleytown, DC",Genna,14,801,141,181.0,75.0,97.0,4,14,25,12,2,,,2019+,False,otf_only.mbox,2023-01-10T13:07:56+00:00,
2023-01-12,5:30 PM,"Tenleytown, DC",Genna,20,848,143,182.0,76.0,97.0,8,9,22,16,4,,,2019+,False,otf_only.mbox,2023-01-12T23:29:32+00:00,
2023-01-14,8:15 AM,"Tenleytown, DC",Joanna,17,755,135,175.0,,,15,7,17,16,1,4227.0,,2019+,False,otf_only.mbox,2023-01-14T14:12:54+00:00,
2023-01-15,9:30 AM,"Tenleytown, DC",Travis,13,794,140,182.0,,,7,11,26,11,2,1337.0,,2019+,False,otf_only.mbox,2023-01-15T15:28:37+00:00,
2023-01-17,7:10 AM,"Tenleytown, DC",Genna,14,760,138,174.0,,,8,11,21,13,1,3392.0,,2019+,False,otf_only.mbox,2023-01-17T13:07:44+00:00,
2023-01-26,8:25 AM,"Tenleytown, DC",Joanna,21,795,134,182.0,,,22,11,6,13,8,1648.0,,2019+,False,otf_only.mbox,2023-01-26T14:27:51+00:00,
2023-01-28,9:30 AM,"Tenleytown, DC",Joanna,20,867,143,181.0,,,5,15,18,19,1,3008.0,,2019+,False,otf_only.mbox,2023-01-28T15:32:56+00:00,
2023-01-31,4:15 PM,"Tenleytown, DC",Joanna,30,954,154,192.0,,,4,6,18,18,12,3990.0,,2019+,False,otf_only.mbox,2023-01-31T22:15:08+00:00,
2023-02-02,7:10 AM,"Tenleytown, DC",Julie,6,698,127,175.0,,,21,17,14,6,0,2780.0,,2019+,False,otf_only.mbox,2023-02-02T13:07:56+00:00,
2023-02-05,8:15 AM,"Tenleytown, DC",Travis,15,799,137,182.0,,,15,8,20,14,1,2832.0,,2019+,False,otf_only.mbox,2023-02-05T14:14:15+00:00,
2023-02-07,7:10 AM,"Tenleytown, DC",Genna,21,903,148,177.0,,,5,8,24,21,0,4700.0,,2019+,False,otf_only.mbox,2023-02-07T13:12:48+00:00,
2023-02-09,7:10 AM,"Tenleytown, DC",Julie,13,748,131,183.0,,,22,10,14,11,2,4181.0,,2019+,False,otf_only.mbox,2023-02-09T13:12:53+00:00,
2023-02-12,9:30 AM,"Tenleytown, DC",Travis,15,837,140,180.0,,,11,11,23,13,2,3386.0,,2019+,False,otf_only.mbox,2023-02-12T15:29:18+00:00,
2023-02-14,7:10 AM,"Tenleytown, DC",Genna,24,853,150,179.0,,,6,6,18,24,0,4576.0,,2019+,False,otf_only.mbox,2023-02-14T13:07:45+00:00,
2023-02-16,7:10 AM,"Tenleytown, DC",Julie,14,808,139,186.0,,,10,15,18,12,2,4065.0,,2019+,False,otf_only.mbox,2023-02-16T13:08:18+00:00,
2023-02-25,8:05 AM,"Tenleytown, DC",Joanna,16,881,144,182.0,,,4,13,27,15,1,2967.0,,2019+,False,otf_only.mbox,2023-02-25T14:07:49+00:00,
2023-02-26,8:05 AM,"Tenleytown, DC",Travis,15,790,136,181.0,,,18,9,16,13,2,2806.0,,2019+,False,otf_only.mbox,2023-02-26T14:07:52+00:00,
2023-02-28,7:10 AM,"Tenleytown, DC",Genna,23,898,151,183.0,,,5,6,22,21,2,3992.0,,2019+,False,otf_only.mbox,2023-02-28T13:12:48+00:00,
2023-03-02,8:15 AM,"Tenleytown, DC",Joanna,16,820,141,188.0,,,11,14,15,10,6,4009.0,,2019+,False,otf_only.mbox,2023-03-02T14:13:59+00:00,
2023-03-06,7:10 AM,"Tenleytown, DC",Travis,18,817,143,185.0,,,8,12,19,14,4,4095.0,,2019+,False,otf_only.mbox,2023-03-06T13:07:53+00:00,
2023-03-07,5:20 PM,"Tenleytown, DC",Joanna,6,754,132,176.0,,,16,13,23,6,0,4264.0,,2019+,False,otf_only.mbox,2023-03-07T23:22:50+00:00,
2023-03-12,9:10 AM,"Tenleytown, DC",Travis,9,810,145,174.0,,,5,8,32,9,0,3483.0,,2019+,False,otf_only.mbox,2023-03-12T14:07:49+00:00,
2023-03-14,7:10 AM,"Tenleytown, DC",Jackie,17,751,134,182.0,,,21,8,11,15,2,4272.0,,2019+,False,otf_only.mbox,2023-03-14T12:07:55+00:00,
2023-03-16,7:10 AM,"Tenleytown, DC",Julie,19,945,152,185.0,,,2,7,31,16,3,5455.0,,2019+,False,otf_only.mbox,2023-03-16T12:12:50+00:00,
2023-03-18,9:10 AM,"Tenleytown, DC",Joanna,12,845,138,179.0,,,10,13,25,12,0,3155.0,,2019+,False,otf_only.mbox,2023-03-18T14:12:51+00:00,
2023-03-19,9:10 AM,"Tenleytown, DC",Travis,19,795,137,182.0,,,19,9,10,16,3,3426.0,,2019+,False,otf_only.mbox,2023-03-19T14:12:51+00:00,
2023-03-21,8:15 AM,"Tenleytown, DC",Julie,10,798,139,177.0,,,10,15,24,9,1,2690.0,,2019+,False,otf_only.mbox,2023-03-21T13:14:40+00:00,
2023-03-23,7:10 AM,"Tenleytown, DC",Julie,16,848,148,182.0,,,3,10,27,14,2,4607.0,,2019+,False,otf_only.mbox,2023-03-23T12:07:54+00:00,
2023-03-25,9:10 AM,"Tenleytown, DC",Joanna,5,740,125,177.0,,,30,7,19,5,0,3021.0,,2019+,False,otf_only.mbox,2023-03-25T14:13:47+00:00,
2023-03-26,9:10 AM,"Tenleytown, DC",Travis,13,822,140,177.0,,,9,16,21,13,0,3738.0,,2019+,False,otf_only.mbox,2023-03-26T14:12:47+00:00,
2023-03-28,7:10 AM,"Tenleytown, DC",Genna,8,859,143,175.0,,,4,10,36,8,0,4951.0,,2019+,False,otf_only.mbox,2023-03-28T12:12:49+00:00,
2023-03-29,4:15 PM,"Tenleytown, DC",Anna,28,933,156,182.0,,,2,5,21,25,3,5049.0,,2019+,False,otf_only.mbox,2023-03-29T21:14:18+00:00,
2023-04-01,8:05 AM,"Tenleytown, DC",Travis,14,799,137,181.0,,,16,10,18,13,1,4382.0,,2019+,False,otf_only.mbox,2023-04-01T13:07:52+00:00,
2023-04-02,8:05 AM,"Tenleytown, DC",Travis,1,674,127,174.0,,,18,14,22,1,0,3864.0,,2019+,False,otf_only.mbox,2023-04-02T13:00:35+00:00,Last regular class before sesamoid fracture (late April 2023)
2023-09-10,11:20 AM,"Tenleytown, DC",Joanna,9,684,137,179.0,,,9,15,16,8,1,350.0,,2019+,False,otf_only.mbox,2023-09-10T16:12:47+00:00,Final class: return test after sesamoid fracture; decided to move on from OTF
